time_min,temperature_C,conversion_pct
0,120,0.0
1,120,0.4062
2,120,0.81074
3,120,1.21365
4,120,1.61491
5,120,2.01455
6,120,2.41257
7,120,2.80896
8,120,3.20375
9,120,3.59693
10,120,3.98852
11,120,4.37852
12,120,4.76693
13,120,5.15376
14,120,5.53902
15,120,5.92272
16,120,6.30486
17,120,6.68545
18,120,7.06449
19,120,7.44199
20,120,7.81796
21,120,8.1924
22,120,8.56532
23,120,8.93672
24,120,9.30662
25,120,9.67501
26,120,10.04191
27,120,10.40732
28,120,10.77124
29,120,11.13368
30,120,11.49466
31,120,11.85416
32,120,12.21221
33,120,12.5688
34,120,12.92394
35,120,13.27764
36,120,13.62991
37,120,13.98074
38,120,14.33015
39,120,14.67813
40,120,15.02471
41,120,15.36988
42,120,15.71364
43,120,16.05601
44,120,16.39699
45,120,16.73658
46,120,17.07479
47,120,17.41163
48,120,17.74711
49,120,18.08121
50,120,18.41397
51,120,18.74537
52,120,19.07542
53,120,19.40413
54,120,19.73151
55,120,20.05756
56,120,20.38228
57,120,20.70569
58,120,21.02778
59,120,21.34856
60,120,21.66804
0,122,0.0
1,122,0.44302
2,122,0.88407
3,122,1.32317
4,122,1.76033
5,122,2.19555
6,122,2.62884
7,122,3.06021
8,122,3.48967
9,122,3.91723
10,122,4.34289
11,122,4.76667
12,122,5.18857
13,122,5.6086
14,122,6.02677
15,122,6.44309
16,122,6.85757
17,122,7.2702
18,122,7.68101
19,122,8.09
20,122,8.49718
21,122,8.90255
22,122,9.30613
23,122,9.70792
24,122,10.10793
25,122,10.50617
26,122,10.90264
27,122,11.29736
28,122,11.69033
29,122,12.08156
30,122,12.47105
31,122,12.85882
32,122,13.24487
33,122,13.62921
34,122,14.01185
35,122,14.39279
36,122,14.77205
37,122,15.14962
38,122,15.52552
39,122,15.89976
40,122,16.27234
41,122,16.64327
42,122,17.01255
43,122,17.3802
44,122,17.74622
45,122,18.11062
46,122,18.47341
47,122,18.83458
48,122,19.19416
49,122,19.55215
50,122,19.90854
51,122,20.26336
52,122,20.61661
53,122,20.96829
54,122,21.31842
55,122,21.66699
56,122,22.01402
57,122,22.35951
58,122,22.70347
59,122,23.04591
60,122,23.38683
0,124,0.0
1,124,0.48317
2,124,0.964
3,124,1.44251
4,124,1.91871
5,124,2.39261
6,124,2.86422
7,124,3.33355
8,124,3.80061
9,124,4.26541
10,124,4.72797
11,124,5.1883
12,124,5.6464
13,124,6.10228
14,124,6.55597
15,124,7.00746
16,124,7.45677
17,124,7.90391
18,124,8.34889
19,124,8.79172
20,124,9.23241
21,124,9.67097
22,124,10.10741
23,124,10.54174
24,124,10.97397
25,124,11.40412
26,124,11.83219
27,124,12.25818
28,124,12.68213
29,124,13.10402
30,124,13.52387
31,124,13.9417
32,124,14.3575
33,124,14.7713
34,124,15.1831
35,124,15.59291
36,124,16.00073
37,124,16.40659
38,124,16.81049
39,124,17.21243
40,124,17.61244
41,124,18.01051
42,124,18.40666
43,124,18.80089
44,124,19.19322
45,124,19.58365
46,124,19.9722
47,124,20.35886
48,124,20.74367
49,124,21.12661
50,124,21.5077
51,124,21.88695
52,124,22.26437
53,124,22.63996
54,124,23.01374
55,124,23.38571
56,124,23.75589
57,124,24.12427
58,124,24.49088
59,124,24.85572
60,124,25.21879
0,126,0.0
1,126,0.52695
2,126,1.05112
3,126,1.57253
4,126,2.09119
5,126,2.60712
6,126,3.12033
7,126,3.63083
8,126,4.13865
9,126,4.64379
10,126,5.14626
11,126,5.64609
12,126,6.14329
13,126,6.63787
14,126,7.12984
15,126,7.61921
16,126,8.10601
17,126,8.59025
18,126,9.07193
19,126,9.55107
20,126,10.02769
21,126,10.5018
22,126,10.97341
23,126,11.44253
24,126,11.90918
25,126,12.37337
26,126,12.83512
27,126,13.29443
28,126,13.75133
29,126,14.20581
30,126,14.6579
31,126,15.10761
32,126,15.55495
33,126,15.99993
34,126,16.44257
35,126,16.88287
36,126,17.32086
37,126,17.75653
38,126,18.18991
39,126,18.62101
40,126,19.04983
41,126,19.4764
42,126,19.90072
43,126,20.3228
44,126,20.74265
45,126,21.1603
46,126,21.57574
47,126,21.989
48,126,22.40008
49,126,22.80899
50,126,23.21574
51,126,23.62036
52,126,24.02284
53,126,24.4232
54,126,24.82145
55,126,25.2176
56,126,25.61166
57,126,26.00365
58,126,26.39357
59,126,26.78144
60,126,27.16726
0,128,0.0
1,128,0.57468
2,128,1.14606
3,128,1.71416
4,128,2.27899
5,128,2.84058
6,128,3.39894
7,128,3.95409
8,128,4.50605
9,128,5.05483
10,128,5.60047
11,128,6.14296
12,128,6.68234
13,128,7.21862
14,128,7.75182
15,128,8.28196
16,128,8.80905
17,128,9.3331
18,128,9.85415
19,128,10.3722
20,128,10.88728
21,128,11.3994
22,128,11.90857
23,128,12.41481
24,128,12.91815
25,128,13.4186
26,128,13.91616
27,128,14.41087
28,128,14.90274
29,128,15.39178
30,128,15.87801
31,128,16.36144
32,128,16.8421
33,128,17.31999
34,128,17.79514
35,128,18.26756
36,128,18.73726
37,128,19.20426
38,128,19.66858
39,128,20.13023
40,128,20.58923
41,128,21.04559
42,128,21.49933
43,128,21.95046
44,128,22.399
45,128,22.84496
46,128,23.28835
47,128,23.7292
48,128,24.16752
49,128,24.60331
50,128,25.0366
51,128,25.46741
52,128,25.89573
53,128,26.3216
54,128,26.74501
55,128,27.166
56,128,27.58456
57,128,28.00072
58,128,28.41449
59,128,28.82588
60,128,29.2349
0,130,0.0
1,130,0.62673
2,130,1.24953
3,130,1.86843
4,130,2.48344
5,130,3.09461
6,130,3.70194
7,130,4.30547
8,130,4.90521
9,130,5.5012
10,130,6.09345
11,130,6.68199
12,130,7.26684
13,130,7.84803
14,130,8.42557
15,130,8.99949
16,130,9.56982
17,130,10.13657
18,130,10.69977
19,130,11.25944
20,130,11.8156
21,130,12.36828
22,130,12.91749
23,130,13.46326
24,130,14.00561
25,130,14.54456
26,130,15.08014
27,130,15.61235
28,130,16.14124
29,130,16.6668
30,130,17.18907
31,130,17.70807
32,130,18.22382
33,130,18.73634
34,130,19.24564
35,130,19.75175
36,130,20.25469
37,130,20.75447
38,130,21.25113
39,130,21.74467
40,130,22.23512
41,130,22.72249
42,130,23.20681
43,130,23.6881
44,130,24.16637
45,130,24.64164
46,130,25.11393
47,130,25.58326
48,130,26.04965
49,130,26.51312
50,130,26.97368
51,130,27.43136
52,130,27.88617
53,130,28.33813
54,130,28.78725
55,130,29.23356
56,130,29.67708
57,130,30.11781
58,130,30.55578
59,130,30.99101
60,130,31.42351
0,132,0.0
1,132,0.68347
2,132,1.36227
3,132,2.03643
4,132,2.70598
5,132,3.37096
6,132,4.03139
7,132,4.68731
8,132,5.33875
9,132,5.98573
10,132,6.62829
11,132,7.26646
12,132,7.90026
13,132,8.52974
14,132,9.15491
15,132,9.77581
16,132,10.39247
17,132,11.00491
18,132,11.61317
19,132,12.21726
20,132,12.81723
21,132,13.4131
22,132,14.0049
23,132,14.59265
24,132,15.17639
25,132,15.75613
26,132,16.33191
27,132,16.90376
28,132,17.4717
29,132,18.03576
30,132,18.59596
31,132,19.15233
32,132,19.7049
33,132,20.2537
34,132,20.79874
35,132,21.34006
36,132,21.87768
37,132,22.41162
38,132,22.94191
39,132,23.46858
40,132,23.99165
41,132,24.51115
42,132,25.02709
43,132,25.53951
44,132,26.04843
45,132,26.55387
46,132,27.05585
47,132,27.5544
48,132,28.04955
49,132,28.54131
50,132,29.02971
51,132,29.51477
52,132,29.99651
53,132,30.47497
54,132,30.95015
55,132,31.42209
56,132,31.8908
57,132,32.3563
58,132,32.81863
59,132,33.27779
60,132,33.73382
0,134,0.0
1,134,0.74533
2,134,1.48511
3,134,2.21937
4,134,2.94816
5,134,3.67152
6,134,4.38949
7,134,5.1021
8,134,5.80941
9,134,6.51144
10,134,7.20824
11,134,7.89985
12,134,8.5863
13,134,9.26764
14,134,9.94389
15,134,10.61511
16,134,11.28132
17,134,11.94257
18,134,12.59889
19,134,13.25032
20,134,13.8969
21,134,14.53865
22,134,15.17562
23,134,15.80784
24,134,16.43536
25,134,17.05819
26,134,17.67638
27,134,18.28997
28,134,18.89898
29,134,19.50345
30,134,20.10342
31,134,20.69891
32,134,21.28997
33,134,21.87662
34,134,22.4589
35,134,23.03684
36,134,23.61047
37,134,24.17982
38,134,24.74493
39,134,25.30583
40,134,25.86255
41,134,26.41512
42,134,26.96358
43,134,27.50794
44,134,28.04825
45,134,28.58453
46,134,29.11681
47,134,29.64512
48,134,30.1695
49,134,30.68997
50,134,31.20656
51,134,31.7193
52,134,32.22822
53,134,32.73334
54,134,33.2347
55,134,33.73233
56,134,34.22624
57,134,34.71647
58,134,35.20305
59,134,35.68601
60,134,36.16536
0,136,0.0
1,136,0.81277
2,136,1.61893
3,136,2.41854
4,136,3.21166
5,136,3.99832
6,136,4.77859
7,136,5.55252
8,136,6.32016
9,136,7.08156
10,136,7.83678
11,136,8.58585
12,136,9.32884
13,136,10.06578
14,136,10.79674
15,136,11.52176
16,136,12.24088
17,136,12.95416
18,136,13.66164
19,136,14.36337
20,136,15.0594
21,136,15.74977
22,136,16.43453
23,136,17.11373
24,136,17.7874
25,136,18.4556
26,136,19.11837
27,136,19.77575
28,136,20.42779
29,136,21.07452
30,136,21.71601
31,136,22.35227
32,136,22.98337
33,136,23.60934
34,136,24.23022
35,136,24.84605
36,136,25.45688
37,136,26.06274
38,136,26.66368
39,136,27.25974
40,136,27.85095
41,136,28.43735
42,136,29.01899
43,136,29.5959
44,136,30.16813
45,136,30.7357
46,136,31.29866
47,136,31.85704
48,136,32.41088
49,136,32.96023
50,136,33.50511
51,136,34.04556
52,136,34.58161
53,136,35.11331
54,136,35.64069
55,136,36.16379
56,136,36.68263
57,136,37.19725
58,136,37.70769
59,136,38.21399
60,136,38.71616
0,138,0.0
1,138,0.88628
2,138,1.76471
3,138,2.63535
4,138,3.49827
5,138,4.35355
6,138,5.20124
7,138,6.04142
8,138,6.87416
9,138,7.69952
10,138,8.51756
11,138,9.32835
12,138,10.13195
13,138,10.92844
14,138,11.71786
15,138,12.50029
16,138,13.27578
17,138,14.0444
18,138,14.80621
19,138,15.56126
20,138,16.30963
21,138,17.05136
22,138,17.78652
23,138,18.51516
24,138,19.23734
25,138,19.95313
26,138,20.66257
27,138,21.36572
28,138,22.06264
29,138,22.75338
30,138,23.438
31,138,24.11656
32,138,24.7891
33,138,25.45568
34,138,26.11635
35,138,26.77117
36,138,27.42018
37,138,28.06344
38,138,28.701
39,138,29.33291
40,138,29.95922
41,138,30.57997
42,138,31.19523
43,138,31.80503
44,138,32.40943
45,138,33.00847
46,138,33.60221
47,138,34.19068
48,138,34.77393
49,138,35.35202
50,138,35.92498
51,138,36.49287
52,138,37.05572
53,138,37.61358
54,138,38.1665
55,138,38.71452
56,138,39.25768
57,138,39.79603
58,138,40.3296
59,138,40.85845
60,138,41.38261
0,140,0.0
1,140,0.96641
2,140,1.92348
3,140,2.8713
4,140,3.80996
5,140,4.73954
6,140,5.66015
7,140,6.57186
8,140,7.47475
9,140,8.36893
10,140,9.25446
11,140,10.13143
12,140,10.99992
13,140,11.86003
14,140,12.71182
15,140,13.55538
16,140,14.39079
17,140,15.21812
18,140,16.03746
19,140,16.84888
20,140,17.65246
21,140,18.44827
22,140,19.2364
23,140,20.0169
24,140,20.78987
25,140,21.55536
26,140,22.31345
27,140,23.06422
28,140,23.80774
29,140,24.54407
30,140,25.27328
31,140,25.99544
32,140,26.71063
33,140,27.4189
34,140,28.12033
35,140,28.81498
36,140,29.50292
37,140,30.18421
38,140,30.85892
39,140,31.5271
40,140,32.18883
41,140,32.84416
42,140,33.49316
43,140,34.13589
44,140,34.7724
45,140,35.40277
46,140,36.02704
47,140,36.64528
48,140,37.25755
49,140,37.86389
50,140,38.46438
51,140,39.05907
52,140,39.64801
53,140,40.23125
54,140,40.80886
55,140,41.38089
56,140,41.94739
57,140,42.50842
58,140,43.06402
59,140,43.61425
60,140,44.15917
0,142,0.0
1,142,1.05374
2,142,2.09638
3,142,3.12803
4,142,4.14881
5,142,5.15883
6,142,6.15821
7,142,7.14706
8,142,8.12549
9,142,9.09361
10,142,10.05153
11,142,10.99936
12,142,11.93719
13,142,12.86515
14,142,13.78332
15,142,14.69182
16,142,15.59075
17,142,16.48021
18,142,17.36029
19,142,18.2311
20,142,19.09273
21,142,19.94528
22,142,20.78885
23,142,21.62353
24,142,22.44942
25,142,23.2666
26,142,24.07517
27,142,24.87522
28,142,25.66685
29,142,26.45012
30,142,27.22515
31,142,27.99201
32,142,28.75079
33,142,29.50157
34,142,30.24444
35,142,30.97948
36,142,31.70678
37,142,32.42642
38,142,33.13847
39,142,33.84301
40,142,34.54014
41,142,35.22991
42,142,35.91242
43,142,36.58774
44,142,37.25594
45,142,37.9171
46,142,38.5713
47,142,39.2186
48,142,39.85907
49,142,40.4928
50,142,41.11986
51,142,41.7403
52,142,42.35421
53,142,42.96164
54,142,43.56268
55,142,44.15738
56,142,44.74582
57,142,45.32806
58,142,45.90416
59,142,46.47419
60,142,47.03821
0,144,0.0
1,144,1.14892
2,144,2.28464
3,144,3.40731
4,144,4.51709
5,144,5.61411
6,144,6.69853
7,144,7.77049
8,144,8.83013
9,144,9.8776
10,144,10.91304
11,144,11.93658
12,144,12.94836
13,144,13.94851
14,144,14.93718
15,144,15.91448
16,144,16.88056
17,144,17.83553
18,144,18.77954
19,144,19.7127
20,144,20.63513
21,144,21.54697
22,144,22.44834
23,144,23.33935
24,144,24.22012
25,144,25.09077
26,144,25.95141
27,144,26.80217
28,144,27.64316
29,144,28.47448
30,144,29.29625
31,144,30.10858
32,144,30.91158
33,144,31.70535
34,144,32.49
35,144,33.26564
36,144,34.03237
37,144,34.79028
38,144,35.53949
39,144,36.28009
40,144,37.01218
41,144,37.73586
42,144,38.45123
43,144,39.15837
44,144,39.8574
45,144,40.54839
46,144,41.23144
47,144,41.90664
48,144,42.57409
49,144,43.23387
50,144,43.88607
51,144,44.53077
52,144,45.16807
53,144,45.79805
54,144,46.42078
55,144,47.03637
56,144,47.64488
57,144,48.2464
58,144,48.841
59,144,49.42878
60,144,50.0098
0,146,0.0
1,146,1.25264
2,146,2.4896
3,146,3.71105
4,146,4.91721
5,146,6.10826
6,146,7.28439
7,146,8.44578
8,146,9.59263
9,146,10.72511
10,146,11.84341
11,146,12.9477
12,146,14.03815
13,146,15.11495
14,146,16.17825
15,146,17.22824
16,146,18.26507
17,146,19.28892
18,146,20.29994
19,146,21.2983
20,146,22.28415
21,146,23.25765
22,146,24.21896
23,146,25.16823
24,146,26.1056
25,146,27.03124
26,146,27.94528
27,146,28.84786
28,146,29.73915
29,146,30.61926
30,146,31.48836
31,146,32.34656
32,146,33.19402
33,146,34.03086
34,146,34.85722
35,146,35.67323
36,146,36.47901
37,146,37.2747
38,146,38.06043
39,146,38.83631
40,146,39.60247
41,146,40.35904
42,146,41.10612
43,146,41.84385
44,146,42.57234
45,146,43.29171
46,146,44.00206
47,146,44.70351
48,146,45.39618
49,146,46.08017
50,146,46.7556
51,146,47.42256
52,146,48.08117
53,146,48.73152
54,146,49.37374
55,146,50.0079
56,146,50.63412
57,146,51.2525
58,146,51.86313
59,146,52.46612
60,146,53.06155
0,148,0.0
1,148,1.36566
2,148,2.71268
3,148,4.0413
4,148,5.35177
5,148,6.64435
6,148,7.91927
7,148,9.17679
8,148,10.41713
9,148,11.64053
10,148,12.84722
11,148,14.03744
12,148,15.2114
13,148,16.36932
14,148,17.51144
15,148,18.63796
16,148,19.74909
17,148,20.84505
18,148,21.92604
19,148,22.99227
20,148,24.04393
21,148,25.08124
22,148,26.10438
23,148,27.11354
24,148,28.10893
25,148,29.09072
26,148,30.0591
27,148,31.01426
28,148,31.95637
29,148,32.88562
30,148,33.80218
31,148,34.70622
32,148,35.59791
33,148,36.47743
34,148,37.34493
35,148,38.20059
36,148,39.04456
37,148,39.87701
38,148,40.69809
39,148,41.50795
40,148,42.30676
41,148,43.09466
42,148,43.87179
43,148,44.63831
44,148,45.39437
45,148,46.1401
46,148,46.87564
47,148,47.60115
48,148,48.31674
49,148,49.02256
50,148,49.71874
51,148,50.40541
52,148,51.08271
53,148,51.75075
54,148,52.40968
55,148,53.0596
56,148,53.70065
57,148,54.33294
58,148,54.9566
59,148,55.57174
60,148,56.17848
0,150,0.0
1,150,1.48881
2,150,2.95545
3,150,4.40025
4,150,5.82355
5,150,7.22565
6,150,8.60688
7,150,9.96755
8,150,11.30796
9,150,12.62841
10,150,13.9292
11,150,15.21063
12,150,16.47298
13,150,17.71653
14,150,18.94158
15,150,20.14838
16,150,21.33721
17,150,22.50835
18,150,23.66205
19,150,24.79857
20,150,25.91818
21,150,27.02111
22,150,28.10763
23,150,29.17796
24,150,30.23237
25,150,31.27107
26,150,32.29431
27,150,33.30232
28,150,34.29532
29,150,35.27353
30,150,36.23718
31,150,37.18649
32,150,38.12166
33,150,39.04291
34,150,39.95044
35,150,40.84446
36,150,41.72517
37,150,42.59277
38,150,43.44746
39,150,44.28941
40,150,45.11884
41,150,45.93591
42,150,46.74082
43,150,47.53375
44,150,48.31487
45,150,49.08436
46,150,49.84239
47,150,50.58914
48,150,51.32477
49,150,52.04945
50,150,52.76334
51,150,53.46661
52,150,54.1594
53,150,54.84188
54,150,55.51419
55,150,56.1765
56,150,56.82895
57,150,57.47168
58,150,58.10485
59,150,58.72858
60,150,59.34303
0,152,0.0
1,152,1.62296
2,152,3.21958
3,152,4.79029
4,152,6.3355
5,152,7.85564
6,152,9.3511
7,152,10.8223
8,152,12.26962
9,152,13.69345
10,152,15.09417
11,152,16.47215
12,152,17.82778
13,152,19.1614
14,152,20.47338
15,152,21.76406
16,152,23.0338
17,152,24.28293
18,152,25.51179
19,152,26.7207
20,152,27.90999
21,152,29.07999
22,152,30.23099
23,152,31.36331
24,152,32.47726
25,152,33.57313
26,152,34.65121
27,152,35.71179
28,152,36.75516
29,152,37.7816
30,152,38.79138
31,152,39.78477
32,152,40.76204
33,152,41.72345
34,152,42.66925
35,152,43.59971
36,152,44.51506
37,152,45.41556
38,152,46.30144
39,152,47.17295
40,152,48.03031
41,152,48.87376
42,152,49.70352
43,152,50.51981
44,152,51.32285
45,152,52.11286
46,152,52.89005
47,152,53.65463
48,152,54.40679
49,152,55.14675
50,152,55.8747
51,152,56.59084
52,152,57.29535
53,152,57.98843
54,152,58.67026
55,152,59.34103
56,152,60.00091
57,152,60.65007
58,152,61.28871
59,152,61.91698
60,152,62.53505
0,154,0.0
1,154,1.76909
2,154,3.50689
3,154,5.21394
4,154,6.89079
5,154,8.53798
6,154,10.15603
7,154,11.74545
8,154,13.30676
9,154,14.84044
10,154,16.34699
11,154,17.82689
12,154,19.28061
13,154,20.70861
14,154,22.11135
15,154,23.48927
16,154,24.84282
17,154,26.17242
18,154,27.4785
19,154,28.76147
20,154,30.02174
21,154,31.25972
22,154,32.4758
23,154,33.67037
24,154,34.8438
25,154,35.99648
26,154,37.12876
27,154,38.24101
28,154,39.33358
29,154,40.40683
30,154,41.46109
31,154,42.49669
32,154,43.51398
33,154,44.51327
34,154,45.49488
35,154,46.45913
36,154,47.40631
37,154,48.33675
38,154,49.25072
39,154,50.14852
40,154,51.03044
41,154,51.89675
42,154,52.74775
43,154,53.58368
44,154,54.40483
45,154,55.21145
46,154,56.0038
47,154,56.78213
48,154,57.5467
49,154,58.29774
50,154,59.03549
51,154,59.76019
52,154,60.47207
53,154,61.17135
54,154,61.85827
55,154,62.53303
56,154,63.19586
57,154,63.84696
58,154,64.48654
59,154,65.1148
60,154,65.73195
0,156,0.0
1,156,1.92825
2,156,3.81933
3,156,5.67393
4,156,7.49278
5,156,9.27656
6,156,11.02593
7,156,12.74158
8,156,14.42414
9,156,16.07426
10,156,17.69257
11,156,19.27966
12,156,20.83616
13,156,22.36264
14,156,23.85968
15,156,25.32786
16,156,26.76773
17,156,28.17983
18,156,29.56471
19,156,30.92288
20,156,32.25486
21,156,33.56116
22,156,34.84227
23,156,36.09868
24,156,37.33086
25,156,38.53928
26,156,39.7244
27,156,40.88666
28,156,42.02652
29,156,43.1444
30,156,44.24072
31,156,45.3159
32,156,46.37034
33,156,47.40446
34,156,48.41864
35,156,49.41326
36,156,50.3887
37,156,51.34533
38,156,52.28352
39,156,53.20361
40,156,54.10596
41,156,54.99092
42,156,55.85881
43,156,56.70996
44,156,57.5447
45,156,58.36335
46,156,59.16621
47,156,59.95359
48,156,60.72579
49,156,61.48309
50,156,62.2258
51,156,62.95418
52,156,63.66852
53,156,64.36908
54,156,65.05613
55,156,65.72994
56,156,66.39075
57,156,67.03883
58,156,67.6744
59,156,68.29772
60,156,68.90902
0,158,0.0
1,158,2.10158
2,158,4.159
3,158,6.17317
4,158,8.14502
5,158,10.07543
6,158,11.96527
7,158,13.81539
8,158,15.62663
9,158,17.3998
10,158,19.13571
11,158,20.83514
12,158,22.49885
13,158,24.1276
14,158,25.72212
15,158,27.28313
16,158,28.81134
17,158,30.30743
18,158,31.77207
19,158,33.20594
20,158,34.60967
21,158,35.9839
22,158,37.32925
23,158,38.64633
24,158,39.93573
25,158,41.19802
26,158,42.4338
27,158,43.6436
28,158,44.82797
29,158,45.98746
30,158,47.12257
31,158,48.23384
32,158,49.32175
33,158,50.38679
34,158,51.42945
35,158,52.4502
36,158,53.4495
37,158,54.4278
38,158,55.38553
39,158,56.32314
40,158,57.24105
41,158,58.13966
42,158,59.01939
43,158,59.88063
44,158,60.72377
45,158,61.54919
46,158,62.35727
47,158,63.14836
48,158,63.92283
49,158,64.68102
50,158,65.42328
51,158,66.14994
52,158,66.86132
53,158,67.55776
54,158,68.23956
55,158,68.90703
56,158,69.56047
57,158,70.20019
58,158,70.82645
59,158,71.43956
60,158,72.03978
0,160,0.0
1,160,2.29031
2,160,4.52816
3,160,6.71475
4,160,8.85127
5,160,10.93886
6,160,12.97863
7,160,14.97168
8,160,16.91909
9,160,18.8219
10,160,20.68113
11,160,22.49777
12,160,24.27281
13,160,26.00719
14,160,27.70186
15,160,29.3577
16,160,30.97563
17,160,32.5565
18,160,34.10116
19,160,35.61045
20,160,37.08516
21,160,38.52611
22,160,39.93405
23,160,41.30974
24,160,42.65393
25,160,43.96733
26,160,45.25065
27,160,46.50457
28,160,47.72978
29,160,48.92693
30,160,50.09666
31,160,51.2396
32,160,52.35636
33,160,53.44755
34,160,54.51374
35,160,55.55551
36,160,56.57343
37,160,57.56803
38,160,58.53985
39,160,59.48942
40,160,60.41723
41,160,61.3238
42,160,62.2096
43,160,63.07512
44,160,63.92081
45,160,64.74713
46,160,65.55453
47,160,66.34344
48,160,67.11428
49,160,67.86746
50,160,68.6034
51,160,69.32247
52,160,70.02508
53,160,70.7116
54,160,71.38239
55,160,72.03782
56,160,72.67824
57,160,73.304
58,160,73.91542
59,160,74.51283
60,160,75.09657
0,162,0.0
1,162,2.49576
2,162,4.92923
3,162,7.30197
4,162,9.61549
5,162,11.87128
6,162,14.07076
7,162,16.21535
8,162,18.30641
9,162,20.34529
10,162,22.33328
11,162,24.27165
12,162,26.16165
13,162,28.00448
14,162,29.80132
15,162,31.55331
16,162,33.26157
17,162,34.92721
18,162,36.55127
19,162,38.1348
20,162,39.6788
21,162,41.18428
22,162,42.65218
23,162,44.08344
24,162,45.47899
25,162,46.8397
26,162,48.16645
27,162,49.46009
28,162,50.72145
29,162,51.95132
30,162,53.15051
31,162,54.31976
32,162,55.45983
33,162,56.57144
34,162,57.65532
35,162,58.71214
36,162,59.74258
37,162,60.74731
38,162,61.72697
39,162,62.68217
40,162,63.61353
41,162,64.52165
42,162,65.40711
43,162,66.27046
44,162,67.11227
45,162,67.93307
46,162,68.73338
47,162,69.51372
48,162,70.27459
49,162,71.01646
50,162,71.73982
51,162,72.44513
52,162,73.13283
53,162,73.80337
54,162,74.45718
55,162,75.09467
56,162,75.71625
57,162,76.32231
58,162,76.91325
59,162,77.48944
60,162,78.05125
0,164,0.0
1,164,2.71939
2,164,5.36483
3,164,7.93833
4,164,10.44184
5,164,12.87728
6,164,15.24648
7,164,17.55126
8,164,19.79336
9,164,21.97449
10,164,24.09631
11,164,26.16042
12,164,28.16841
13,164,30.12179
14,164,32.02205
15,164,33.87064
16,164,35.66895
17,164,37.41836
18,164,39.1202
19,164,40.77576
20,164,42.3863
21,164,43.95304
22,164,45.47717
23,164,46.95986
24,164,48.40223
25,164,49.80537
26,164,51.17036
27,164,52.49823
28,164,53.78998
29,164,55.04661
30,164,56.26907
31,164,57.45829
32,164,58.61516
33,164,59.74057
34,164,60.83538
35,164,61.90042
36,164,62.9365
37,164,63.9444
38,164,64.92489
39,164,65.87872
40,164,66.80661
41,164,67.70927
42,164,68.58738
43,164,69.44161
44,164,70.27261
45,164,71.08101
46,164,71.86743
47,164,72.63247
48,164,73.3767
49,164,74.10069
50,164,74.80499
51,164,75.49014
52,164,76.15666
53,164,76.80505
54,164,77.43581
55,164,78.04942
56,164,78.64634
57,164,79.22703
58,164,79.79193
59,164,80.34147
60,164,80.87606
0,166,0.0
1,166,2.96275
2,166,5.83772
3,166,8.62751
4,166,11.33465
5,166,13.96158
6,166,16.51068
7,166,18.98426
8,166,21.38455
9,166,23.71373
10,166,25.9739
11,166,28.16711
12,166,30.29533
13,166,32.36051
14,166,34.3645
15,166,36.30911
16,166,38.19611
17,166,40.02721
18,166,41.80405
19,166,43.52825
20,166,45.20136
21,166,46.82491
22,166,48.40035
23,166,49.92912
24,166,51.4126
25,166,52.85212
26,166,54.24899
27,166,55.60448
28,166,56.91981
29,166,58.19616
30,166,59.43471
31,166,60.63655
32,166,61.80279
33,166,62.93448
34,166,64.03264
35,166,65.09826
36,166,66.13231
37,166,67.13573
38,166,68.10941
39,166,69.05425
40,166,69.97109
41,166,70.86078
42,166,71.7241
43,166,72.56184
44,166,73.37477
45,166,74.1636
46,166,74.92907
47,166,75.67186
48,166,76.39264
49,166,77.09207
50,166,77.77077
51,166,78.42937
52,166,79.06845
53,166,79.6886
54,166,80.29038
55,166,80.87432
56,166,81.44097
57,166,81.99083
58,166,82.52439
59,166,83.04215
60,166,83.54457
0,168,0.0
1,168,3.22752
2,168,6.35088
3,168,9.37342
4,168,12.29842
5,168,15.129
6,168,17.86824
7,168,20.51906
8,168,23.08432
9,168,25.56679
10,168,27.96914
11,168,30.29395
12,168,32.54373
13,168,34.7209
14,168,36.8278
15,168,38.86669
16,168,40.83979
17,168,42.74919
18,168,44.59698
19,168,46.38512
20,168,48.11555
21,168,49.79014
22,168,51.41067
23,168,52.9789
24,168,54.49652
25,168,55.96516
26,168,57.38639
27,168,58.76175
28,168,60.09273
29,168,61.38074
30,168,62.62719
31,168,63.8334
32,168,65.00069
33,168,66.1303
34,168,67.22345
35,168,68.28132
36,168,69.30505
37,168,70.29574
38,168,71.25445
39,168,72.18222
40,168,73.08004
41,168,73.94889
42,168,74.7897
43,168,75.60336
44,168,76.39077
45,168,77.15276
46,168,77.89016
47,168,78.60376
48,168,79.29433
49,168,79.96261
50,168,80.60932
51,168,81.23516
52,168,81.8408
53,168,82.42689
54,168,82.99407
55,168,83.54294
56,168,84.0741
57,168,84.58811
58,168,85.08553
59,168,85.5669
60,168,86.03273
0,170,0.0
1,170,3.51553
2,170,6.90747
3,170,10.18016
4,170,13.3378
5,170,16.38443
6,170,19.32396
7,170,22.16015
8,170,24.89663
9,170,27.53691
10,170,30.08437
11,170,32.54228
12,170,34.91377
13,170,37.2019
14,170,39.40958
15,170,41.53965
16,170,43.59484
17,170,45.57778
18,170,47.49101
19,170,49.33698
20,170,51.11805
21,170,52.83651
22,170,54.49455
23,170,56.09431
24,170,57.63783
25,170,59.12708
26,170,60.56398
27,170,61.95036
28,170,63.28801
29,170,64.57863
30,170,65.82388
31,170,67.02535
32,170,68.18458
33,170,69.30306
34,170,70.38222
35,170,71.42344
36,170,72.42806
37,170,73.39736
38,170,74.33258
39,170,75.23493
40,170,76.10555
41,170,76.94557
42,170,77.75605
43,170,78.53804
44,170,79.29254
45,170,80.02052
46,170,80.7229
47,170,81.4006
48,170,82.05446
49,170,82.68534
50,170,83.29405
51,170,83.88135
52,170,84.448
53,170,84.99474
54,170,85.52225
55,170,86.03122
56,170,86.5223
57,170,86.99611
58,170,87.45327
59,170,87.89435
60,170,88.31993
0,172,0.0
1,172,3.82872
2,172,7.51085
3,172,11.052
4,172,14.45757
5,172,17.73275
6,172,20.88253
7,172,23.91172
8,172,26.82493
9,172,29.6266
10,172,32.321
11,172,34.91224
12,172,37.40427
13,172,39.80088
14,172,42.10574
15,172,44.32235
16,172,46.45409
17,172,48.50421
18,172,50.47584
19,172,52.37198
20,172,54.19553
21,172,55.94925
22,172,57.63583
23,172,59.25784
24,172,60.81774
25,172,62.31792
26,172,63.76066
27,172,65.14816
28,172,66.48254
29,172,67.76583
30,172,68.99999
31,172,70.18689
32,172,71.32835
33,172,72.42611
34,172,73.48184
35,172,74.49714
36,172,75.47358
37,172,76.41263
38,172,77.31572
39,172,78.18424
40,172,79.0195
41,172,79.82279
42,172,80.59532
43,172,81.33827
44,172,82.05277
45,172,82.73992
46,172,83.40076
47,172,84.0363
48,172,84.64751
49,172,85.23531
50,172,85.80061
51,172,86.34426
52,172,86.8671
53,172,87.36993
54,172,87.8535
55,172,88.31855
56,172,88.7658
57,172,89.19593
58,172,89.60959
59,172,90.0074
60,172,90.38999
0,174,0.0
1,174,4.16921
2,174,8.16459
3,174,11.9934
4,174,15.66258
5,174,19.17878
6,174,22.54838
7,174,25.7775
8,174,28.87199
9,174,31.83746
10,174,34.6793
11,174,37.40266
12,174,40.01247
13,174,42.51347
14,174,44.91021
15,174,47.20701
16,174,49.40806
17,174,51.51735
18,174,53.53869
19,174,55.47576
20,174,57.33206
21,174,59.11098
22,174,60.81573
23,174,62.4494
24,174,64.01496
25,174,65.51525
26,174,66.95299
27,174,68.33079
28,174,69.65115
29,174,70.91645
30,174,72.12901
31,174,73.29101
32,174,74.40456
33,174,75.47169
34,174,76.49432
35,174,77.47432
36,174,78.41347
37,174,79.31345
38,174,80.17592
39,174,81.00242
40,174,81.79447
41,174,82.5535
42,174,83.28088
43,174,83.97793
44,174,84.64593
45,174,85.28607
46,174,85.89952
47,174,86.4874
48,174,87.05077
49,174,87.59065
50,174,88.10802
51,174,88.60382
52,174,89.07895
53,174,89.53427
54,174,89.97061
55,174,90.38876
56,174,90.78947
57,174,91.17348
58,174,91.54147
59,174,91.89413
60,174,92.23208
0,176,0.0
1,176,4.53925
2,176,8.87246
3,176,13.00897
4,176,16.95771
5,176,20.72721
6,176,24.3256
7,176,27.76065
8,176,31.03978
9,176,34.17006
10,176,37.15824
11,176,40.01079
12,176,42.73385
13,176,45.33331
14,176,47.81476
15,176,50.18358
16,176,52.44488
17,176,54.60352
18,176,56.66418
19,176,58.63131
20,176,60.50914
21,176,62.30173
22,176,64.01295
23,176,65.64649
24,176,67.20588
25,176,68.69449
26,176,70.11552
27,176,71.47206
28,176,72.76701
29,176,74.00319
30,176,75.18325
31,176,76.30974
32,176,77.3851
33,176,78.41165
34,176,79.3916
35,176,80.32707
36,176,81.22007
37,176,82.07254
38,176,82.88631
39,176,83.66315
40,176,84.40472
41,176,85.11263
42,176,85.7884
43,176,86.4335
44,176,87.04932
45,176,87.63718
46,176,88.19836
47,176,88.73407
48,176,89.24546
49,176,89.73363
50,176,90.19965
51,176,90.64451
52,176,91.06918
53,176,91.47457
54,176,91.86156
55,176,92.23099
56,176,92.58364
57,176,92.92029
58,176,93.24166
59,176,93.54843
60,176,93.84129
0,178,0.0
1,178,4.94129
2,178,9.63841
3,178,14.10343
4,178,18.34783
5,178,22.3825
6,178,26.2178
7,178,29.86359
8,178,33.32923
9,178,36.62362
10,178,39.75523
11,178,42.7321
12,178,45.56187
13,178,48.25181
14,178,50.80884
15,178,53.23952
16,178,55.55009
17,178,57.74648
18,178,59.83435
19,178,61.81905
20,178,63.70568
21,178,65.49909
22,178,67.20388
23,178,68.82443
24,178,70.3649
25,178,71.82926
26,178,73.22125
27,178,74.54447
28,178,75.8023
29,178,76.99798
30,178,78.13457
31,178,79.215
32,178,80.24205
33,178,81.21835
34,178,82.1464
35,178,83.0286
36,178,83.86721
37,178,84.66437
38,178,85.42215
39,178,86.14248
40,178,86.82722
41,178,87.47813
42,178,88.09687
43,178,88.68504
44,178,89.24414
45,178,89.77562
46,178,90.28084
47,178,90.76109
48,178,91.21761
49,178,91.65157
50,178,92.06409
51,178,92.45623
52,178,92.82899
53,178,93.18333
54,178,93.52016
55,178,93.84035
56,178,94.14471
57,178,94.43404
58,178,94.70907
59,178,94.97051
60,178,95.21903
0,180,0.0
1,180,5.37791
2,180,10.46661
3,180,15.28164
4,180,19.83772
5,180,24.14878
6,180,28.22799
7,180,32.08783
8,180,35.74009
9,180,39.19593
10,180,42.46592
11,180,45.56005
12,180,48.48779
13,180,51.25807
14,180,53.87937
15,180,56.3597
16,180,58.70664
17,180,60.92736
18,180,63.02865
19,180,65.01694
20,180,66.8983
21,180,68.67848
22,180,70.36292
23,180,71.95678
24,180,73.46492
25,180,74.89195
26,180,76.24224
27,180,77.51991
28,180,78.72887
29,180,79.87282
30,180,80.95524
31,180,81.97945
32,180,82.94858
33,180,83.86559
34,180,84.73329
35,180,85.55432
36,180,86.33119
37,180,87.06629
38,180,87.76185
39,180,88.42001
40,180,89.04277
41,180,89.63204
42,180,90.18962
43,180,90.71722
44,180,91.21644
45,180,91.68881
46,180,92.13578
47,180,92.55871
48,180,92.9589
49,180,93.33756
50,180,93.69586
51,180,94.03489
52,180,94.35569
53,180,94.65924
54,180,94.94646
55,180,95.21823
56,180,95.47539
57,180,95.71872
58,180,95.94897
59,180,96.16683
60,180,96.37297
0,182,0.0
1,182,5.85192
2,182,11.3614
3,182,16.54846
4,182,21.43198
5,182,26.02972
6,182,30.3584
7,182,34.43377
8,182,38.27066
9,182,41.88301
10,182,45.28397
11,182,48.48591
12,182,51.50048
13,182,54.33863
14,182,57.0107
15,182,59.5264
16,182,61.89488
17,182,64.12477
18,182,66.22416
19,182,68.20069
20,182,70.06156
21,182,71.81354
22,182,73.46299
23,182,75.01591
24,182,76.47796
25,182,77.85445
26,182,79.1504
27,182,80.3705
28,182,81.5192
29,182,82.60068
30,182,83.61888
31,182,84.57749
32,182,85.48
33,182,86.3297
34,182,87.12968
35,182,87.88284
36,182,88.59192
37,182,89.25952
38,182,89.88804
39,182,90.47979
40,182,91.0369
41,182,91.56141
42,182,92.05523
43,182,92.52016
44,182,92.95787
45,182,93.36997
46,182,93.75795
47,182,94.12323
48,182,94.46714
49,182,94.79092
50,182,95.09575
51,182,95.38274
52,182,95.65294
53,182,95.90733
54,182,96.14683
55,182,96.37231
56,182,96.5846
57,182,96.78447
58,182,96.97264
59,182,97.1498
60,182,97.31659
0,184,0.0
1,184,6.36629
2,184,12.32728
3,184,17.90878
4,184,23.13494
5,184,28.02839
6,184,32.61031
7,184,36.90053
8,184,40.91762
9,184,44.67898
10,184,48.20087
11,184,51.49855
12,184,54.58629
13,184,57.47746
14,184,60.18457
15,184,62.71933
16,184,65.09273
17,184,67.31502
18,184,69.39584
19,184,71.34419
20,184,73.1685
21,184,74.87667
22,184,76.4761
23,184,77.9737
24,184,79.37595
25,184,80.68894
26,184,81.91834
27,184,83.06947
28,184,84.14731
29,184,85.15654
30,184,86.10152
31,184,86.98634
32,184,87.81482
33,184,88.59057
34,184,89.31692
35,184,89.99704
36,184,90.63386
37,184,91.23013
38,184,91.78845
39,184,92.31122
40,184,92.80071
41,184,93.25904
42,184,93.68818
43,184,94.09001
44,184,94.46626
45,184,94.81855
46,184,95.14842
47,184,95.45728
48,184,95.74649
49,184,96.01728
50,184,96.27083
51,184,96.50824
52,184,96.73053
53,184,96.93868
54,184,97.13357
55,184,97.31606
56,184,97.48692
57,184,97.64691
58,184,97.79672
59,184,97.93698
60,184,98.06832
0,186,0.0
1,186,6.92418
2,186,13.36891
3,186,19.3674
4,186,24.95054
5,186,30.1471
6,186,34.98384
7,186,39.48567
8,186,43.67579
9,186,47.57578
10,186,51.20573
11,186,54.58433
12,186,57.72899
13,186,60.65591
14,186,63.38016
15,186,65.91579
16,186,68.27584
17,186,70.47247
18,186,72.51701
19,186,74.41998
20,186,76.19119
21,186,77.83975
22,186,79.37417
23,186,80.80234
24,186,82.13162
25,186,83.36885
26,186,84.52042
27,186,85.59226
28,186,86.58988
29,186,87.51842
30,186,88.38266
31,186,89.18707
32,186,89.93577
33,186,90.63264
34,186,91.28125
35,186,91.88495
36,186,92.44685
37,186,92.96985
38,186,93.45663
39,186,93.9097
40,186,94.3314
41,186,94.72391
42,186,95.08923
43,186,95.42926
44,186,95.74575
45,186,96.04032
46,186,96.3145
47,186,96.56969
48,186,96.80721
49,186,97.02828
50,186,97.23405
51,186,97.42557
52,186,97.60383
53,186,97.76974
54,186,97.92417
55,186,98.0679
56,186,98.20169
57,186,98.3262
58,186,98.4421
59,186,98.54997
60,186,98.65037
0,188,0.0
1,188,7.52896
2,188,14.49107
3,188,20.929
4,188,26.88223
5,188,32.38723
6,188,37.47777
7,188,42.18505
8,188,46.53791
9,188,50.56305
10,188,54.28514
11,188,57.72699
12,188,60.90971
13,188,63.8528
14,188,66.57431
15,188,69.09092
16,188,71.41805
17,188,73.56997
18,188,75.55988
19,188,77.39997
20,188,79.10151
21,188,80.67495
22,188,82.12993
23,188,83.47536
24,188,84.71949
25,188,85.86996
26,188,86.9338
27,188,87.91755
28,188,88.82723
29,188,89.66843
30,188,90.44629
31,188,91.16558
32,188,91.83072
33,188,92.44578
34,188,93.01454
35,188,93.54047
36,188,94.02681
37,188,94.47652
38,188,94.89239
39,188,95.27694
40,188,95.63253
41,188,95.96136
42,188,96.26543
43,188,96.5466
44,188,96.80661
45,188,97.04703
46,188,97.26936
47,188,97.47495
48,188,97.66506
49,188,97.84086
50,188,98.00342
51,188,98.15374
52,188,98.29274
53,188,98.42128
54,188,98.54014
55,188,98.65006
56,188,98.75169
57,188,98.84568
58,188,98.93259
59,188,99.01295
60,188,99.08727
0,190,0.0
1,190,8.18421
2,190,15.6986
3,190,22.598
4,190,28.93274
5,190,34.74904
6,190,40.08931
7,190,44.99252
8,190,49.49445
9,190,53.62793
10,190,57.42312
11,190,60.9077
12,190,64.10709
13,190,67.04464
14,190,69.74178
15,190,72.21817
16,190,74.49189
17,190,76.57953
18,190,78.49631
19,190,80.25622
20,190,81.87209
21,190,83.35572
22,190,84.71792
23,190,85.96864
24,190,87.11699
25,190,88.17136
26,190,89.13944
27,190,90.02829
28,190,90.8444
29,190,91.59371
30,190,92.2817
31,190,92.91338
32,190,93.49337
33,190,94.02588
34,190,94.51482
35,190,94.96374
36,190,95.37591
37,190,95.75436
38,190,96.10183
39,190,96.42086
40,190,96.71379
41,190,96.98274
42,190,97.22968
43,190,97.45641
44,190,97.66458
45,190,97.85572
46,190,98.03121
47,190,98.19234
48,190,98.34028
49,190,98.47612
50,190,98.60083
51,190,98.71534
52,190,98.82048
53,190,98.91702
54,190,99.00565
55,190,99.08703
56,190,99.16175
57,190,99.23035
58,190,99.29334
59,190,99.35118
60,190,99.40428
0,192,0.0
1,192,8.89369
2,192,16.9964
3,192,24.37848
4,192,31.10403
5,192,37.23142
6,192,42.81386
7,192,47.89982
8,192,52.53345
9,192,56.75498
10,192,60.60105
11,192,64.10507
12,192,67.29746
13,192,70.20592
14,192,72.85571
15,192,75.26984
16,192,77.46926
17,192,79.47308
18,192,81.29868
19,192,82.96192
20,192,84.47723
21,192,85.85778
22,192,87.11554
23,192,88.26145
24,192,89.30544
25,192,90.25658
26,192,91.12313
27,192,91.91261
28,192,92.63188
29,192,93.28717
30,192,93.88419
31,192,94.42811
32,192,94.92366
33,192,95.37513
34,192,95.78645
35,192,96.16119
36,192,96.50261
37,192,96.81365
38,192,97.09704
39,192,97.35522
40,192,97.59044
41,192,97.80474
42,192,97.99998
43,192,98.17785
44,192,98.33991
45,192,98.48755
46,192,98.62206
47,192,98.74461
48,192,98.85626
49,192,98.95798
50,192,99.05066
51,192,99.13509
52,192,99.21201
53,192,99.28209
54,192,99.34594
55,192,99.40411
56,192,99.45711
57,192,99.50539
58,192,99.54938
59,192,99.58946
60,192,99.62597
0,194,0.0
1,194,9.66138
2,194,18.38933
3,194,26.27405
4,194,33.39699
5,194,39.83176
6,194,45.64484
7,194,50.89629
8,194,55.64039
9,194,59.92614
10,194,63.79782
11,194,67.29545
12,194,70.45516
13,194,73.3096
14,194,75.88826
15,194,78.21779
16,194,80.32225
17,194,82.22339
18,194,83.94085
19,194,85.49239
20,194,86.89402
21,194,88.16024
22,194,89.30413
23,194,90.33749
24,194,91.27103
25,194,92.11436
26,194,92.87623
27,194,93.56448
28,194,94.18624
29,194,94.74793
30,194,95.25535
31,194,95.71375
32,194,96.12786
33,194,96.50196
34,194,96.83992
35,194,97.14523
36,194,97.42104
37,194,97.6702
38,194,97.89529
39,194,98.09864
40,194,98.28233
41,194,98.44828
42,194,98.5982
43,194,98.73363
44,194,98.85598
45,194,98.96651
46,194,99.06636
47,194,99.15656
48,194,99.23805
49,194,99.31166
50,194,99.37817
51,194,99.43825
52,194,99.49252
53,194,99.54155
54,194,99.58584
55,194,99.62585
56,194,99.662
57,194,99.69466
58,194,99.72416
59,194,99.75081
60,194,99.77488
0,196,0.0
1,196,10.49143
2,196,19.88216
3,196,28.28767
4,196,35.81132
5,196,42.54564
6,196,48.57342
7,196,53.96881
8,196,58.79814
9,196,63.1208
10,196,66.98996
11,196,70.45319
12,196,73.55307
13,196,76.32773
14,196,78.81129
15,196,81.03429
16,196,83.02407
17,196,84.80508
18,196,86.39925
19,196,87.82616
20,196,89.10337
21,196,90.24658
22,196,91.26986
23,196,92.18577
24,196,93.0056
25,196,93.73941
26,196,94.39624
27,196,94.98415
28,196,95.51039
29,196,95.98141
30,196,96.40302
31,196,96.78039
32,196,97.11818
33,196,97.42052
34,196,97.69115
35,196,97.93338
36,196,98.1502
37,196,98.34427
38,196,98.51798
39,196,98.67346
40,196,98.81264
41,196,98.93721
42,196,99.04871
43,196,99.14851
44,196,99.23785
45,196,99.31781
46,196,99.38938
47,196,99.45344
48,196,99.51078
49,196,99.56211
50,196,99.60805
51,196,99.64917
52,196,99.68598
53,196,99.71892
54,196,99.74841
55,196,99.77481
56,196,99.79843
57,196,99.81958
58,196,99.83851
59,196,99.85545
60,196,99.87062
0,198,0.0
1,198,11.3882
2,198,21.4795
3,198,30.42157
4,198,38.3453
5,198,45.36667
6,198,51.58842
7,198,57.10163
8,198,61.98698
9,198,66.31598
10,198,70.15199
11,198,73.55114
12,198,76.56319
13,198,79.23222
14,198,81.5973
15,198,83.69304
16,198,85.55011
17,198,87.19569
18,198,88.65387
19,198,89.94599
20,198,91.09096
21,198,92.10554
22,198,93.00458
23,198,93.80123
24,198,94.50716
25,198,95.1327
26,198,95.68699
27,198,96.17817
28,198,96.61341
29,198,96.99908
30,198,97.34083
31,198,97.64366
32,198,97.91201
33,198,98.14979
34,198,98.3605
35,198,98.54721
36,198,98.71265
37,198,98.85926
38,198,98.98917
39,198,99.10428
40,198,99.20629
41,198,99.29668
42,198,99.37678
43,198,99.44775
44,198,99.51064
45,198,99.56637
46,198,99.61575
47,198,99.65951
48,198,99.69829
49,198,99.73265
50,198,99.76309
51,198,99.79007
52,198,99.81398
53,198,99.83516
54,198,99.85394
55,198,99.87057
56,198,99.88531
57,198,99.89837
58,198,99.90994
59,198,99.9202
60,198,99.92929
0,200,0.0
1,200,12.3562
2,200,23.18565
3,200,32.67698
4,200,40.99555
5,200,48.28626
6,200,54.67612
7,200,60.27643
8,200,65.18475
9,200,69.48659
10,200,73.25689
11,200,76.56132
12,200,79.45746
13,200,81.99573
14,200,84.22038
15,200,86.17014
16,200,87.87898
17,200,89.37668
18,200,90.68932
19,200,91.83977
20,200,92.84806
21,200,93.73177
22,200,94.50629
23,200,95.1851
24,200,95.78004
25,200,96.30147
26,200,96.75846
27,200,97.15899
28,200,97.51004
29,200,97.8177
30,200,98.08735
31,200,98.32368
32,200,98.53081
33,200,98.71235
34,200,98.87145
35,200,99.0109
36,200,99.13311
37,200,99.24023
38,200,99.33411
39,200,99.41639
40,200,99.4885
41,200,99.5517
42,200,99.60709
43,200,99.65564
44,200,99.69819
45,200,99.73548
46,200,99.76817
47,200,99.79681
48,200,99.82192
49,200,99.84392
50,200,99.86321
51,200,99.88011
52,200,99.89492
53,200,99.90791
54,200,99.91929
55,200,99.92926
56,200,99.938
57,200,99.94566
58,200,99.95238
59,200,99.95826
60,200,99.96342
