Wavenumber,Absorbance,Wavenumber,Absorbance,Wavenumber,Absorbance,Wavenumber,Absorbance,Wavenumber,Absorbance
cm⁻¹,a.u.,cm⁻¹,a.u.,cm⁻¹,a.u.,cm⁻¹,a.u.,cm⁻¹,a.u.
S01,S01,S02,S02,S03,S03,S04,S04,S05,S05
4000.000000,0.04342608,4000.000000,0.04760184,4000.000000,0.05146499,4000.000000,0.05454725,4000.000000,0.05647478
3994.156928,0.04299549,3994.156928,0.04717507,3994.156928,0.05109433,3994.156928,0.05427818,3994.156928,0.05634047
3988.313856,0.04256806,3988.313856,0.04674591,3988.313856,0.05071610,3988.313856,0.05399739,3988.313856,0.05619180
3982.470785,0.04214441,3982.470785,0.04631501,3982.470785,0.05033091,3982.470785,0.05370538,3982.470785,0.05602911
3976.627713,0.04172522,3976.627713,0.04588303,3976.627713,0.04993938,3976.627713,0.05340264,3976.627713,0.05585274
3970.784641,0.04131114,3970.784641,0.04545066,3970.784641,0.04954214,3970.784641,0.05308973,3970.784641,0.05566309
3964.941569,0.04090283,3964.941569,0.04501860,3964.941569,0.04913986,3964.941569,0.05276722,3964.941569,0.05546061
3959.098497,0.04050097,3959.098497,0.04458756,3959.098497,0.04873324,3959.098497,0.05243571,3959.098497,0.05524576
3953.255426,0.04010625,3953.255426,0.04415827,3953.255426,0.04832299,3953.255426,0.05209586,3953.255426,0.05501908
3947.412354,0.03971936,3947.412354,0.04373148,3947.412354,0.04790986,3947.412354,0.05174834,3947.412354,0.05478114
3941.569282,0.03934101,3941.569282,0.04330797,3941.569282,0.04749462,3941.569282,0.05139390,3941.569282,0.05453257
3935.726210,0.03897192,3935.726210,0.04288853,3935.726210,0.04707810,3935.726210,0.05103330,3935.726210,0.05427403
3929.883139,0.03861283,3929.883139,0.04247399,3929.883139,0.04666113,3929.883139,0.05066735,3929.883139,0.05400627
3924.040067,0.03826450,3924.040067,0.04206517,3924.040067,0.04624460,3924.040067,0.05029693,3924.040067,0.05373009
3918.196995,0.03792770,3918.196995,0.04166297,3918.196995,0.04582944,3918.196995,0.04992296,3918.196995,0.05344634
3912.353923,0.03760323,3912.353923,0.04126828,3912.353923,0.04541660,3912.353923,0.04954641,3912.353923,0.05315597
3906.510851,0.03729191,3906.510851,0.04088204,3906.510851,0.04500711,3906.510851,0.04916832,3906.510851,0.05285997
3900.667780,0.03699461,3900.667780,0.04050524,3900.667780,0.04460202,3900.667780,0.04878980,3900.667780,0.05255946
3894.824708,0.03671220,3894.824708,0.04013888,3894.824708,0.04420246,3894.824708,0.04841202,3894.824708,0.05225559
3888.981636,0.03644562,3888.981636,0.03978405,3888.981636,0.04380960,3888.981636,0.04803623,3888.981636,0.05194964
3883.138564,0.03619581,3883.138564,0.03944184,3883.138564,0.04342468,3883.138564,0.04766376,3883.138564,0.05164299
3877.295492,0.03596380,3877.295492,0.03911343,3877.295492,0.04304902,3877.295492,0.04729602,3877.295492,0.05133709
3871.452421,0.03575063,3871.452421,0.03880004,3871.452421,0.04268398,3871.452421,0.04693453,3871.452421,0.05103354
3865.609349,0.03555742,3865.609349,0.03850296,3865.609349,0.04233102,3865.609349,0.04658088,3865.609349,0.05073404
3859.766277,0.03538533,3859.766277,0.03822354,3859.766277,0.04199170,3859.766277,0.04623680,3859.766277,0.05044043
3853.923205,0.03523560,3853.923205,0.03796322,3853.923205,0.04166763,3853.923205,0.04590409,3853.923205,0.05015467
3848.080134,0.03510953,3848.080134,0.03772349,3848.080134,0.04136054,3848.080134,0.04558470,3848.080134,0.04987888
3842.237062,0.03500849,3842.237062,0.03750594,3842.237062,0.04107227,3842.237062,0.04528069,3842.237062,0.04961531
3836.393990,0.03493395,3836.393990,0.03731227,3836.393990,0.04080474,3836.393990,0.04499425,3836.393990,0.04936640
3830.550918,0.03488743,3830.550918,0.03714423,3830.550918,0.04056001,3830.550918,0.04472772,3830.550918,0.04913472
3824.707846,0.03487058,3824.707846,0.03700371,3824.707846,0.04034023,3824.707846,0.04448359,3824.707846,0.04892304
3818.864775,0.03488513,3818.864775,0.03689268,3818.864775,0.04014770,3818.864775,0.04426447,3818.864775,0.04873430
3813.021703,0.03493290,3813.021703,0.03681323,3813.021703,0.03998484,3813.021703,0.04407317,3813.021703,0.04857166
3807.178631,0.03501583,3807.178631,0.03676759,3807.178631,0.03985421,3807.178631,0.04391264,3807.178631,0.04843844
3801.335559,0.03513597,3801.335559,0.03675807,3801.335559,0.03975852,3801.335559,0.04378600,3801.335559,0.04833819
3795.492487,0.03529550,3795.492487,0.03678712,3795.492487,0.03970060,3795.492487,0.04369656,3795.492487,0.04827465
3789.649416,0.03549670,3789.649416,0.03685735,3789.649416,0.03968346,3789.649416,0.04364781,3789.649416,0.04825179
3783.806344,0.03574199,3783.806344,0.03697145,3783.806344,0.03971025,3783.806344,0.04364341,3783.806344,0.04827381
3777.963272,0.03603389,3777.963272,0.03713230,3777.963272,0.03978427,3777.963272,0.04368722,3777.963272,0.04834511
3772.120200,0.03637509,3772.120200,0.03734286,3772.120200,0.03990898,3772.120200,0.04378327,3772.120200,0.04847032
3766.277129,0.03676837,3766.277129,0.03760628,3766.277129,0.04008802,3766.277129,0.04393582,3766.277129,0.04865430
3760.434057,0.03721667,3760.434057,0.03792582,3760.434057,0.04032515,3760.434057,0.04414926,3760.434057,0.04890212
3754.590985,0.03772304,3754.590985,0.03830487,3754.590985,0.04062431,3754.590985,0.04442821,3754.590985,0.04921910
3748.747913,0.03829067,3748.747913,0.03874697,3748.747913,0.04098958,3748.747913,0.04477744,3748.747913,0.04961073
3742.904841,0.03892285,3742.904841,0.03925577,3742.904841,0.04142519,3742.904841,0.04520191,3742.904841,0.05008273
3737.061770,0.03962301,3737.061770,0.03983506,3737.061770,0.04193551,3737.061770,0.04570674,3737.061770,0.05064101
3731.218698,0.04039468,3731.218698,0.04048873,3731.218698,0.04252503,3731.218698,0.04629720,3731.218698,0.05129166
3725.375626,0.04124149,3725.375626,0.04122077,3725.375626,0.04319836,3725.375626,0.04697869,3725.375626,0.05204093
3719.532554,0.04216714,3719.532554,0.04203528,3719.532554,0.04396022,3719.532554,0.04775675,3719.532554,0.05289522
3713.689482,0.04317544,3713.689482,0.04293641,3713.689482,0.04481540,3713.689482,0.04863701,3713.689482,0.05386106
3707.846411,0.04427024,3707.846411,0.04392839,3707.846411,0.04576877,3707.846411,0.04962518,3707.846411,0.05494507
3702.003339,0.04545544,3702.003339,0.04501548,3702.003339,0.04682525,3702.003339,0.05072705,3702.003339,0.05615393
3696.160267,0.04673496,3696.160267,0.04620198,3696.160267,0.04798978,3696.160267,0.05194840,3696.160267,0.05749438
3690.317195,0.04811271,3690.317195,0.04749217,3690.317195,0.04926729,3690.317195,0.05329505,3690.317195,0.05897315
3684.474124,0.04959261,3684.474124,0.04889030,3684.474124,0.05066268,3684.474124,0.05477276,3684.474124,0.06059692
3678.631052,0.05117850,3678.631052,0.05040058,3678.631052,0.05218079,3678.631052,0.05638721,3678.631052,0.06237231
3672.787980,0.05287415,3672.787980,0.05202712,3672.787980,0.05382637,3672.787980,0.05814400,3672.787980,0.06430581
3666.944908,0.05468325,3666.944908,0.05377392,3666.944908,0.05560403,3666.944908,0.06004856,3666.944908,0.06640373
3661.101836,0.05660930,3661.101836,0.05564481,3661.101836,0.05751819,3661.101836,0.06210611,3661.101836,0.06867215
3655.258765,0.05865566,3655.258765,0.05764347,3655.258765,0.05957309,3655.258765,0.06432165,3655.258765,0.07111688
3649.415693,0.06082547,3649.415693,0.05977330,3649.415693,0.06177269,3649.415693,0.06669985,3649.415693,0.07374338
3643.572621,0.06312161,3643.572621,0.06203746,3643.572621,0.06412064,3643.572621,0.06924507,3643.572621,0.07655673
3637.729549,0.06554668,3637.729549,0.06443881,3637.729549,0.06662027,3637.729549,0.07196125,3637.729549,0.07956153
3631.886477,0.06810296,3631.886477,0.06697982,3631.886477,0.06927449,3631.886477,0.07485187,3631.886477,0.08276186
3626.043406,0.07079233,3626.043406,0.06966259,3626.043406,0.07208578,3626.043406,0.07791992,3626.043406,0.08616124
3620.200334,0.07361627,3620.200334,0.07248879,3620.200334,0.07505613,3620.200334,0.08116780,3620.200334,0.08976250
3614.357262,0.07657582,3614.357262,0.07545959,3614.357262,0.07818697,3614.357262,0.08459731,3614.357262,0.09356778
3608.514190,0.07967149,3608.514190,0.07857562,3608.514190,0.08147917,3608.514190,0.08820956,3608.514190,0.09757845
3602.671119,0.08290328,3602.671119,0.08183696,3602.671119,0.08493293,3602.671119,0.09200492,3602.671119,0.10179503
3596.828047,0.08627060,3596.828047,0.08524308,3596.828047,0.08854781,3596.828047,0.09598300,3596.828047,0.10621713
3590.984975,0.08977225,3590.984975,0.08879278,3590.984975,0.09232260,3590.984975,0.10014256,3590.984975,0.11084342
3585.141903,0.09340636,3585.141903,0.09248420,3585.141903,0.09625535,3585.141903,0.10448148,3585.141903,0.11567156
3579.298831,0.09717039,3579.298831,0.09631472,3579.298831,0.10034331,3579.298831,0.10899673,3579.298831,0.12069814
3573.455760,0.10106108,3573.455760,0.10028100,3573.455760,0.10458286,3573.455760,0.11368429,3573.455760,0.12591867
3567.612688,0.10507443,3567.612688,0.10437890,3567.612688,0.10896955,3567.612688,0.11853918,3567.612688,0.13132748
3561.769616,0.10920567,3561.769616,0.10860348,3561.769616,0.11349800,3561.769616,0.12355536,3561.769616,0.13691778
3555.926544,0.11344924,3555.926544,0.11294898,3555.926544,0.11816193,3555.926544,0.12872577,3555.926544,0.14268153
3550.083472,0.11779879,3550.083472,0.11740877,3550.083472,0.12295415,3550.083472,0.13404227,3550.083472,0.14860950
3544.240401,0.12224716,3544.240401,0.12197543,3544.240401,0.12786649,3544.240401,0.13949564,3544.240401,0.15469124
3538.397329,0.12678639,3538.397329,0.12664065,3538.397329,0.13288988,3538.397329,0.14507562,3538.397329,0.16091506
3532.554257,0.13140770,3532.554257,0.13139529,3532.554257,0.13801430,3532.554257,0.15077084,3532.554257,0.16726806
3526.711185,0.13610152,3526.711185,0.13622939,3526.711185,0.14322881,3526.711185,0.15656892,3526.711185,0.17373616
3520.868114,0.14085752,3520.868114,0.14113216,3520.868114,0.14852158,3520.868114,0.16245643,3520.868114,0.18030408
3515.025042,0.14566460,3515.025042,0.14609203,3515.025042,0.15387990,3515.025042,0.16841897,3515.025042,0.18695545
3509.181970,0.15051093,3509.181970,0.15109667,3509.181970,0.15929023,3509.181970,0.17444117,3509.181970,0.19367280
3503.338898,0.15538400,3503.338898,0.15613305,3503.338898,0.16473824,3503.338898,0.18050677,3503.338898,0.20043765
3497.495826,0.16027068,3497.495826,0.16118747,3497.495826,0.17020889,3497.495826,0.18659869,3497.495826,0.20723058
3491.652755,0.16515722,3491.652755,0.16624559,3491.652755,0.17568642,3491.652755,0.19269907,3491.652755,0.21403128
3485.809683,0.17002935,3485.809683,0.17129254,3485.809683,0.18115449,3485.809683,0.19878937,3485.809683,0.22081871
3479.966611,0.17487233,3479.966611,0.17631298,3479.966611,0.18659624,3479.966611,0.20485044,3479.966611,0.22757112
3474.123539,0.17967103,3474.123539,0.18129112,3474.123539,0.19199434,3474.123539,0.21086265,3474.123539,0.23426621
3468.280467,0.18441000,3468.280467,0.18621088,3468.280467,0.19733111,3468.280467,0.21680595,3468.280467,0.24088125
3462.437396,0.18907354,3462.437396,0.19105590,3462.437396,0.20258860,3462.437396,0.22266000,3462.437396,0.24739315
3456.594324,0.19364581,3456.594324,0.19580970,3456.594324,0.20774870,3456.594324,0.22840427,3456.594324,0.25377867
3450.751252,0.19811089,3450.751252,0.20045570,3450.751252,0.21279324,3450.751252,0.23401820,3450.751252,0.26001448
3444.908180,0.20245290,3444.908180,0.20497739,3444.908180,0.21770408,3444.908180,0.23948125,3444.908180,0.26607738
3439.065109,0.20665609,3439.065109,0.20935838,3439.065109,0.22246326,3439.065109,0.24477311,3439.065109,0.27194435
3433.222037,0.21070492,3433.222037,0.21358251,3433.222037,0.22705307,3433.222037,0.24987376,3433.222037,0.27759279
3427.378965,0.21458418,3427.378965,0.21763397,3427.378965,0.23145619,3427.378965,0.25476363,3427.378965,0.28300060
3421.535893,0.21827909,3421.535893,0.22149739,3421.535893,0.23565579,3421.535893,0.25942373,3421.535893,0.28814635
3415.692821,0.22177536,3415.692821,0.22515794,3415.692821,0.23963563,3415.692821,0.26383577,3415.692821,0.29300944
3409.849750,0.22505932,3409.849750,0.22860143,3409.849750,0.24338022,3409.849750,0.26798228,3409.849750,0.29757022
3404.006678,0.22811803,3404.006678,0.23181442,3404.006678,0.24687486,3404.006678,0.27184672,3404.006678,0.30181010
3398.163606,0.23093930,3398.163606,0.23478428,3398.163606,0.25010576,3398.163606,0.27541362,3398.163606,0.30571176
3392.320534,0.23351186,3392.320534,0.23749930,3392.320534,0.25306017,3392.320534,0.27866868,3392.320534,0.30925917
3386.477462,0.23582536,3386.477462,0.23994879,3386.477462,0.25572643,3386.477462,0.28159885,3386.477462,0.31243780
3380.634391,0.23787052,3380.634391,0.24212309,3380.634391,0.25809407,3380.634391,0.28419246,3380.634391,0.31523465
3374.791319,0.23963911,3374.791319,0.24401373,3374.791319,0.26015388,3374.791319,0.28643925,3374.791319,0.31763838
3368.948247,0.24112410,3368.948247,0.24561342,3368.948247,0.26189797,3368.948247,0.28833050,3368.948247,0.31963939
3363.105175,0.24231964,3363.105175,0.24691611,3363.105175,0.26331984,3363.105175,0.28985905,3363.105175,0.32122989
3357.262104,0.24322112,3357.262104,0.24791705,3357.262104,0.26441439,3357.262104,0.29101938,3357.262104,0.32240392
3351.419032,0.24382523,3351.419032,0.24861285,3351.419032,0.26517801,3351.419032,0.29180762,3351.419032,0.32315744
3345.575960,0.24412995,3345.575960,0.24900142,3345.575960,0.26560856,3345.575960,0.29222158,3345.575960,0.32348835
3339.732888,0.24413459,3339.732888,0.24908207,3339.732888,0.26570540,3339.732888,0.29226081,3339.732888,0.32339646
3333.889816,0.24383975,3333.889816,0.24885546,3333.889816,0.26546939,3333.889816,0.29192652,3333.889816,0.32288354
3328.046745,0.24324737,3328.046745,0.24832361,3328.046745,0.26490287,3328.046745,0.29122164,3328.046745,0.32195327
3322.203673,0.24236068,3322.203673,0.24748989,3322.203673,0.26400965,3322.203673,0.29015074,3322.203673,0.32061122
3316.360601,0.24118418,3316.360601,0.24635898,3316.360601,0.26279498,3316.360601,0.28872002,3316.360601,0.31886481
3310.517529,0.23972360,3310.517529,0.24493682,3310.517529,0.26126551,3310.517529,0.28693728,3310.517529,0.31672324
3304.674457,0.23798588,3304.674457,0.24323058,3304.674457,0.25942920,3304.674457,0.28481179,3304.674457,0.31419742
3298.831386,0.23597907,3298.831386,0.24124863,3298.831386,0.25729533,3298.831386,0.28235431,3298.831386,0.31129990
3292.988314,0.23371232,3292.988314,0.23900042,3292.988314,0.25487435,3292.988314,0.27957691,3292.988314,0.30804475
3287.145242,0.23119579,3287.145242,0.23649645,3287.145242,0.25217786,3287.145242,0.27649296,3287.145242,0.30444745
3281.302170,0.22844057,3281.302170,0.23374817,3281.302170,0.24921848,3281.302170,0.27311698,3281.302170,0.30052484
3275.459098,0.22545861,3275.459098,0.23076792,3275.459098,0.24600980,3275.459098,0.26946455,3275.459098,0.29629489
3269.616027,0.22226262,3269.616027,0.22756882,3269.616027,0.24256624,3269.616027,0.26555221,3269.616027,0.29177665
3263.772955,0.21886600,3263.772955,0.22416467,3263.772955,0.23890296,3263.772955,0.26139730,3263.772955,0.28699009
3257.929883,0.21528274,3257.929883,0.22056988,3257.929883,0.23503578,3257.929883,0.25701789,3257.929883,0.28195596
3252.086811,0.21152731,3252.086811,0.21679936,3252.086811,0.23098103,3252.086811,0.25243260,3252.086811,0.27669563
3246.243740,0.20761459,3246.243740,0.21286839,3246.243740,0.22675545,3246.243740,0.24766053,3246.243740,0.27123096
3240.400668,0.20355974,3240.400668,0.20879258,3240.400668,0.22237610,3240.400668,0.24272109,3240.400668,0.26558418
3234.557596,0.19937813,3234.557596,0.20458770,3234.557596,0.21786024,3234.557596,0.23763388,3234.557596,0.25977768
3228.714524,0.19508523,3228.714524,0.20026964,3228.714524,0.21322519,3228.714524,0.23241858,3228.714524,0.25383394
3222.871452,0.19069652,3222.871452,0.19585427,3222.871452,0.20848826,3222.871452,0.22709484,3222.871452,0.24777534
3217.028381,0.18622739,3217.028381,0.19135736,3217.028381,0.20366665,3217.028381,0.22168212,3217.028381,0.24162405
3211.185309,0.18169308,3211.185309,0.18679452,3211.185309,0.19877730,3211.185309,0.21619960,3211.185309,0.23540190
3205.342237,0.17710856,3205.342237,0.18218104,3205.342237,0.19383687,3205.342237,0.21066611,3205.342237,0.22913027
3199.499165,0.17248846,3199.499165,0.17753189,3199.499165,0.18886160,3199.499165,0.20509996,3199.499165,0.22282993
3193.656093,0.16784703,3193.656093,0.17286159,3193.656093,0.18386721,3193.656093,0.19951889,3193.656093,0.21652101
3187.813022,0.16319800,3187.813022,0.16818417,3187.813022,0.17886891,3187.813022,0.19393999,3187.813022,0.21022283
3181.969950,0.15855461,3181.969950,0.16351309,3181.969950,0.17388122,3181.969950,0.18837960,3181.969950,0.20395386
3176.126878,0.15392949,3176.126878,0.15886119,3176.126878,0.16891801,3176.126878,0.18285326,3176.126878,0.19773163
3170.283806,0.14933462,3170.283806,0.15424063,3170.283806,0.16399238,3170.283806,0.17737565,3170.283806,0.19157267
3164.440735,0.14478131,3164.440735,0.14966288,3164.440735,0.15911665,3164.440735,0.17196052,3164.440735,0.18549245
3158.597663,0.14028015,3158.597663,0.14513865,3158.597663,0.15430230,3158.597663,0.16662067,3158.597663,0.17950533
3152.754591,0.13584100,3152.754591,0.14067789,3152.754591,0.14955998,3152.754591,0.16136793,3152.754591,0.17362454
3146.911519,0.13147298,3146.911519,0.13628978,3146.911519,0.14489946,3146.911519,0.15621313,3146.911519,0.16786216
3141.068447,0.12718441,3141.068447,0.13198270,3141.068447,0.14032964,3141.068447,0.15116610,3141.068447,0.16222915
3135.225376,0.12298293,3135.225376,0.12776426,3135.225376,0.13585860,3135.225376,0.14623573,3135.225376,0.15673534
3129.382304,0.11887545,3129.382304,0.12364139,3129.382304,0.13149361,3129.382304,0.14142994,3129.382304,0.15138951
3123.539232,0.11486827,3123.539232,0.11962034,3123.539232,0.12724122,3123.539232,0.13675590,3123.539232,0.14619951
3117.696160,0.11096719,3117.696160,0.11570688,3117.696160,0.12310743,3117.696160,0.13222008,3117.696160,0.14117250
3111.853088,0.10717779,3111.853088,0.11190653,3111.853088,0.11909796,3111.853088,0.12782863,3111.853088,0.13631519
3106.010017,0.10350572,3106.010017,0.10822490,3106.010017,0.11521858,3106.010017,0.12358774,3106.010017,0.13163442
3100.166945,0.09995731,3100.166945,0.10466829,3100.166945,0.11147576,3100.166945,0.11950435,3100.166945,0.12713791
3094.323873,0.09654039,3094.323873,0.10124455,3094.323873,0.10787755,3094.323873,0.11558712,3094.323873,0.12283540
3088.480801,0.09326554,3088.480801,0.09796431,3088.480801,0.10443494,3088.480801,0.11184790,3088.480801,0.11874032
3082.637730,0.09014786,3082.637730,0.09484284,3082.637730,0.10116366,3082.637730,0.10830372,3082.637730,0.11487209
3076.794658,0.08720942,3076.794658,0.09190244,3076.794658,0.09808673,3076.794658,0.10497954,3076.794658,0.11125927
3070.951586,0.08448250,3070.951586,0.08917573,3070.951586,0.09523784,3070.951586,0.10191191,3070.951586,0.10794364
3065.108514,0.08201371,3065.108514,0.08670975,3065.108514,0.09266551,3065.108514,0.09915338,3065.108514,0.10498525
3059.265442,0.07986905,3059.265442,0.08457093,3059.265442,0.09043810,3059.265442,0.09677790,3059.265442,0.10246840
3053.422371,0.07813961,3053.422371,0.08285074,3053.422371,0.08864950,3053.422371,0.09488676,3053.422371,0.10050821
3047.579299,0.07694771,3047.579299,0.08167153,3047.579299,0.08742496,3047.579299,0.09361464,3047.579299,0.09925728
3041.736227,0.07645260,3041.736227,0.08119206,3041.736227,0.08692637,3041.736227,0.09313502,3041.736227,0.09891139
3035.893155,0.07685490,3035.893155,0.08161147,3035.893155,0.08735600,3035.893155,0.09366378,3035.893155,0.09971312
3030.050083,0.07839843,3030.050083,0.08317066,3030.050083,0.08895737,3030.050083,0.09545957,3030.050083,0.10195167
3024.207012,0.08136782,3024.207012,0.08614933,3024.207012,0.09201172,3024.207012,0.09881946,3024.207012,0.10595732
3018.363940,0.08608043,3018.363940,0.09085736,3018.363940,0.09682863,3018.363940,0.10406824,3018.363940,0.11208865
3012.520868,0.09287117,3012.520868,0.09761918,3012.520868,0.10372949,3012.520868,0.11154025,3012.520868,0.12071149
3006.677796,0.10206945,3006.677796,0.10675049,3006.677796,0.11302355,3006.677796,0.12155328,3006.677796,0.13216916
3000.834725,0.11396847,3000.834725,0.11852766,3000.834725,0.12497663,3000.834725,0.13437517,3000.834725,0.14674493
2994.991653,0.12878833,2994.991653,0.13315146,2994.991653,0.13977468,2994.991653,0.15018525,2994.991653,0.16461913
2989.148581,0.14663601,2989.148581,0.15070827,2989.148581,0.15748521,2989.148581,0.16903411,2989.148581,0.18582513
2983.305509,0.16746673,2983.305509,0.17113319,2983.305509,0.17802135,2983.305509,0.19080687,2983.305509,0.21020989
2977.462437,0.19105231,2977.462437,0.19418083,2977.462437,0.20111424,2977.462437,0.21519578,2977.462437,0.23740563
2971.619366,0.21696284,2971.619366,0.21940956,2971.619366,0.22629941,2971.619366,0.24168836,2971.619366,0.26681930
2965.776294,0.24456709,2965.776294,0.24618459,2965.776294,0.25292257,2965.776294,0.26957605,2965.776294,0.29764523
2959.933222,0.27305581,2959.933222,0.27370351,2959.933222,0.28016777,2959.933222,0.29798664,2959.933222,0.32890397
2954.090150,0.30148897,2954.090150,0.30104490,2954.090150,0.30710838,2954.090150,0.32594024,2954.090150,0.35950674
2948.247078,0.32886460,2948.247078,0.32723720,2948.247078,0.33277756,2948.247078,0.35242480,2948.247078,0.38834055
2942.404007,0.35420277,2942.404007,0.35134123,2942.404007,0.35625115,2942.404007,0.37648362,2942.404007,0.41436519
2936.560935,0.37663482,2936.560935,0.37253634,2936.560935,0.37673284,2936.560935,0.39730376,2936.560935,0.43670951
2930.717863,0.39548568,2930.717863,0.39019828,2930.717863,0.39362965,2930.717863,0.41429276,2930.717863,0.45475346
2924.874791,0.41033653,2924.874791,0.40395655,2924.874791,0.40660561,2924.874791,0.42713152,2924.874791,0.46818234
2919.031720,0.42105692,2919.031720,0.41372111,2919.031720,0.41560429,2919.031720,0.43579372,2919.031720,0.47700360
2913.188648,0.42779958,2913.188648,0.41967249,2913.188648,0.42083460,2913.188648,0.44052681,2913.188648,0.48152130
2907.345576,0.43095674,2907.345576,0.42221501,2907.345576,0.42272048,2907.345576,0.44179595,2907.345576,0.48227065
2901.502504,0.43108338,2901.502504,0.42189908,2901.502504,0.42182123,2901.502504,0.44019854,2901.502504,0.47992171
2895.659432,0.42879893,2895.659432,0.41932450,2895.659432,0.41873449,2895.659432,0.43636248,2895.659432,0.47516722
2889.816361,0.42468318,2889.816361,0.41504026,2889.816361,0.41399788,2889.816361,0.43084487,2889.816361,0.46861300
2883.973289,0.41918401,2883.973289,0.40945787,2883.973289,0.40800580,2883.973289,0.42404817,2883.973289,0.46068934
2878.130217,0.41255263,2878.130217,0.40279313,2878.130217,0.40095570,2878.130217,0.41616821,2878.130217,0.45159833
2872.287145,0.40481774,2872.287145,0.39504629,2872.287145,0.39283301,2872.287145,0.40718261,2872.287145,0.44130597
2866.444073,0.39580258,2866.444073,0.38602395,2866.444073,0.38343692,2866.444073,0.39688129,2866.444073,0.42957944
2860.601002,0.38518145,2860.601002,0.37539792,2860.601002,0.37244175,2860.601002,0.38493247,2860.601002,0.41606182
2854.757930,0.37256472,2854.757930,0.36278998,2854.757930,0.35948200,2854.757930,0.37097158,2854.757930,0.40036986
2848.914858,0.35759629,2848.914858,0.34786653,2848.914858,0.34424533,2848.914858,0.35469633,2848.914858,0.38219623
2843.071786,0.34004590,2843.071786,0.33042597,2843.071786,0.32655637,2843.071786,0.33595068,2843.071786,0.36139797
2837.228715,0.31987970,2837.228715,0.31046346,2837.228715,0.30643695,2837.228715,0.31478316,2837.228715,0.33805571
2831.385643,0.29729783,2831.385643,0.28820256,2831.385643,0.28413291,2831.385643,0.29147047,2831.385643,0.31249472
2825.542571,0.27273359,2825.542571,0.26408975,2825.542571,0.26010466,2825.542571,0.26650383,2825.542571,0.28526606
2819.699499,0.24681667,2819.699499,0.23875478,2819.699499,0.23498489,2819.699499,0.24054269,2819.699499,0.25709341
2813.856427,0.22030844,2813.856427,0.21294545,2813.856427,0.20951255,2813.856427,0.21434545,2813.856427,0.22879657
2808.013356,0.19402167,2808.013356,0.18744892,2808.013356,0.18445526,2808.013356,0.18868991,2808.013356,0.20120568
2802.170284,0.16873849,2802.170284,0.16301301,2802.170284,0.16053312,2802.170284,0.16429662,2802.170284,0.17508002
2796.327212,0.14513876,2796.327212,0.14027894,2796.327212,0.13835501,2796.327212,0.14176609,2796.327212,0.15104290
2790.484140,0.12374802,2790.484140,0.11973380,2790.484140,0.11837483,2790.484140,0.12153696,2790.484140,0.12953992
2784.641068,0.10490963,2784.641068,0.10168664,2784.641068,0.10087112,2784.641068,0.10386823,2784.641068,0.11082283
2778.797997,0.08878109,2778.797997,0.08626780,2778.797997,0.08594896,2778.797997,0.08884373,2778.797997,0.09495721
2772.954925,0.07535093,2772.954925,0.07344737,2772.954925,0.07356008,2772.954925,0.07639465,2772.954925,0.08184861
2767.111853,0.06447021,2767.111853,0.06306700,2767.111853,0.06353519,2767.111853,0.06633349,2767.111853,0.07128020
2761.268781,0.05589154,2761.268781,0.05487813,2761.268781,0.05562170,2761.268781,0.05839297,2761.268781,0.06295475
2755.425710,0.04930930,2755.425710,0.04858065,2755.425710,0.04952127,2755.425710,0.05226387,2755.425710,0.05653500
2749.582638,0.04439583,2749.582638,0.04385717,2749.582638,0.04492261,2749.582638,0.04762769,2749.582638,0.05167777
2743.739566,0.04083048,2743.739566,0.04040011,2743.739566,0.04152690,2743.739566,0.04418162,2743.739566,0.04805975
2737.896494,0.03832005,2737.896494,0.03793035,2737.896494,0.03906511,2737.896494,0.04165503,2737.896494,0.04539410
2732.053422,0.03661080,2732.053422,0.03620794,2732.053422,0.03730740,2732.053422,0.03981824,2732.053422,0.04343893
2726.210351,0.03549326,2726.210351,0.03503592,2726.210351,0.03606624,2726.210351,0.03848494,2726.210351,0.04199908
2720.367279,0.03480159,2720.367279,0.03425921,2720.367279,0.03519478,2720.367279,0.03750998,2720.367279,0.04092331
2714.524207,0.03440945,2714.524207,0.03376026,2714.524207,0.03458224,2714.524207,0.03678443,2714.524207,0.04009871
2708.681135,0.03422395,2708.681135,0.03345304,2708.681135,0.03414800,2708.681135,0.03622942,2708.681135,0.03944386
2702.838063,0.03417899,2702.838063,0.03327669,2702.838063,0.03383529,2702.838063,0.03578969,2702.838063,0.03890203
2696.994992,0.03422902,2696.994992,0.03318946,2696.994992,0.03360540,2696.994992,0.03542777,2696.994992,0.03843492
2691.151920,0.03434356,2691.151920,0.03316359,2691.151920,0.03343274,2691.151920,0.03511905,2691.151920,0.03801756
2685.308848,0.03450275,2685.308848,0.03318112,2685.308848,0.03330089,2685.308848,0.03484788,2685.308848,0.03763413
2679.465776,0.03469401,2679.465776,0.03323074,2679.465776,0.03319963,2679.465776,0.03460459,2679.465776,0.03727500
2673.622705,0.03490948,2673.622705,0.03330551,2673.622705,0.03312277,2673.622705,0.03438346,2673.622705,0.03693453
2667.779633,0.03514436,2667.779633,0.03340125,2667.779633,0.03306667,2667.779633,0.03418120,2667.779633,0.03660955
2661.936561,0.03539571,2661.936561,0.03351545,2661.936561,0.03302923,2661.936561,0.03399600,2661.936561,0.03629842
2656.093489,0.03566172,2656.093489,0.03364664,2656.093489,0.03300930,2656.093489,0.03382696,2656.093489,0.03600039
2650.250417,0.03594119,2650.250417,0.03379389,2650.250417,0.03300621,2650.250417,0.03367365,2650.250417,0.03571521
2644.407346,0.03623331,2644.407346,0.03395660,2644.407346,0.03301961,2644.407346,0.03353593,2644.407346,0.03544292
2638.564274,0.03653745,2638.564274,0.03413434,2638.564274,0.03304927,2638.564274,0.03341380,2638.564274,0.03518367
2632.721202,0.03685307,2632.721202,0.03432676,2632.721202,0.03309505,2632.721202,0.03330730,2632.721202,0.03493772
2626.878130,0.03717969,2626.878130,0.03453353,2626.878130,0.03315684,2626.878130,0.03321653,2626.878130,0.03470533
2621.035058,0.03751682,2621.035058,0.03475435,2621.035058,0.03323450,2621.035058,0.03314156,2621.035058,0.03448677
2615.191987,0.03786399,2615.191987,0.03498889,2615.191987,0.03332793,2615.191987,0.03308249,2615.191987,0.03428232
2609.348915,0.03822073,2609.348915,0.03523684,2609.348915,0.03343697,2609.348915,0.03303937,2609.348915,0.03409222
2603.505843,0.03858656,2603.505843,0.03549785,2603.505843,0.03356148,2603.505843,0.03301224,2603.505843,0.03391672
2597.662771,0.03896097,2597.662771,0.03577156,2597.662771,0.03370128,2597.662771,0.03300115,2597.662771,0.03375605
2591.819699,0.03934346,2591.819699,0.03605761,2591.819699,0.03385617,2591.819699,0.03300609,2591.819699,0.03361041
2585.976628,0.03973351,2585.976628,0.03635560,2585.976628,0.03402595,2585.976628,0.03302704,2585.976628,0.03347999
2580.133556,0.04013061,2580.133556,0.03666514,2580.133556,0.03421039,2580.133556,0.03306399,2580.133556,0.03336496
2574.290484,0.04053422,2574.290484,0.03698581,2574.290484,0.03440923,2574.290484,0.03311688,2574.290484,0.03326547
2568.447412,0.04094380,2568.447412,0.03731719,2568.447412,0.03462220,2568.447412,0.03318563,2568.447412,0.03318164
2562.604341,0.04135879,2562.604341,0.03765882,2562.604341,0.03484903,2562.604341,0.03327014,2562.604341,0.03311358
2556.761269,0.04177865,2556.761269,0.03801024,2556.761269,0.03508941,2556.761269,0.03337031,2556.761269,0.03306139
2550.918197,0.04220282,2550.918197,0.03837100,2550.918197,0.03534301,2550.918197,0.03348600,2550.918197,0.03302513
2545.075125,0.04263072,2545.075125,0.03874060,2545.075125,0.03560949,2545.075125,0.03361704,2545.075125,0.03300485
2539.232053,0.04306178,2539.232053,0.03911856,2539.232053,0.03588850,2539.232053,0.03376328,2539.232053,0.03300057
2533.388982,0.04349543,2533.388982,0.03950436,2533.388982,0.03617967,2533.388982,0.03392450,2533.388982,0.03301230
2527.545910,0.04393110,2527.545910,0.03989749,2527.545910,0.03648260,2527.545910,0.03410049,2527.545910,0.03304001
2521.702838,0.04436819,2521.702838,0.04029743,2521.702838,0.03679689,2521.702838,0.03429103,2521.702838,0.03308368
2515.859766,0.04480613,2515.859766,0.04070365,2515.859766,0.03712213,2515.859766,0.03449584,2515.859766,0.03314324
2510.016694,0.04524432,2510.016694,0.04111559,2510.016694,0.03745787,2510.016694,0.03471467,2510.016694,0.03321862
2504.173623,0.04568220,2504.173623,0.04153272,2504.173623,0.03780367,2504.173623,0.03494721,2504.173623,0.03330971
2498.330551,0.04611916,2498.330551,0.04195447,2498.330551,0.03815907,2498.330551,0.03519316,2498.330551,0.03341639
2492.487479,0.04655463,2492.487479,0.04238028,2492.487479,0.03852359,2492.487479,0.03545219,2492.487479,0.03353852
2486.644407,0.04698803,2486.644407,0.04280959,2486.644407,0.03889675,2486.644407,0.03572396,2486.644407,0.03367593
2480.801336,0.04741878,2480.801336,0.04324182,2480.801336,0.03927805,2480.801336,0.03600809,2480.801336,0.03382844
2474.958264,0.04784631,2474.958264,0.04367640,2474.958264,0.03966698,2474.958264,0.03630421,2474.958264,0.03399586
2469.115192,0.04827004,2469.115192,0.04411274,2469.115192,0.04006302,2469.115192,0.03661194,2469.115192,0.03417794
2463.272120,0.04868941,2463.272120,0.04455026,2463.272120,0.04046565,2463.272120,0.03693084,2463.272120,0.03437446
2457.429048,0.04910386,2457.429048,0.04498839,2457.429048,0.04087432,2457.429048,0.03726051,2457.429048,0.03458515
2451.585977,0.04951284,2451.585977,0.04542652,2451.585977,0.04128849,2451.585977,0.03760050,2451.585977,0.03480973
2445.742905,0.04991580,2445.742905,0.04586410,2445.742905,0.04170762,2445.742905,0.03795035,2445.742905,0.03504789
2439.899833,0.05031221,2439.899833,0.04630051,2439.899833,0.04213113,2439.899833,0.03830961,2439.899833,0.03529933
2434.056761,0.05070153,2434.056761,0.04673520,2434.056761,0.04255847,2434.056761,0.03867779,2434.056761,0.03556370
2428.213689,0.05108325,2428.213689,0.04716757,2428.213689,0.04298907,2428.213689,0.03905440,2428.213689,0.03584066
2422.370618,0.05145685,2422.370618,0.04759705,2422.370618,0.04342234,2422.370618,0.03943894,2422.370618,0.03612983
2416.527546,0.05182185,2416.527546,0.04802307,2416.527546,0.04385773,2416.527546,0.03983089,2416.527546,0.03643083
2410.684474,0.05217775,2410.684474,0.04844505,2410.684474,0.04429463,2410.684474,0.04022974,2410.684474,0.03674326
2404.841402,0.05252408,2404.841402,0.04886245,2404.841402,0.04473248,2404.841402,0.04063495,2404.841402,0.03706670
2398.998331,0.05286037,2398.998331,0.04927469,2398.998331,0.04517068,2398.998331,0.04104597,2398.998331,0.03740071
2393.155259,0.05318619,2393.155259,0.04968123,2393.155259,0.04560865,2393.155259,0.04146228,2393.155259,0.03774486
2387.312187,0.05350108,2387.312187,0.05008153,2387.312187,0.04604582,2387.312187,0.04188329,2387.312187,0.03809869
2381.469115,0.05380464,2381.469115,0.05047505,2381.469115,0.04648159,2381.469115,0.04230847,2381.469115,0.03846171
2375.626043,0.05409646,2375.626043,0.05086127,2375.626043,0.04691538,2375.626043,0.04273723,2375.626043,0.03883346
2369.782972,0.05437615,2369.782972,0.05123968,2369.782972,0.04734662,2369.782972,0.04316902,2369.782972,0.03921343
2363.939900,0.05464334,2363.939900,0.05160976,2363.939900,0.04777473,2363.939900,0.04360324,2363.939900,0.03960112
2358.096828,0.05489767,2358.096828,0.05197104,2358.096828,0.04819914,2358.096828,0.04403933,2358.096828,0.03999600
2352.253756,0.05513879,2352.253756,0.05232301,2352.253756,0.04861928,2352.253756,0.04447669,2352.253756,0.04039756
2346.410684,0.05536640,2346.410684,0.05266522,2346.410684,0.04903460,2346.410684,0.04491476,2346.410684,0.04080526
2340.567613,0.05558019,2340.567613,0.05299721,2340.567613,0.04944453,2340.567613,0.04535294,2340.567613,0.04121855
2334.724541,0.05577986,2334.724541,0.05331853,2334.724541,0.04984854,2334.724541,0.04579065,2334.724541,0.04163688
2328.881469,0.05596516,2328.881469,0.05362876,2328.881469,0.05024609,2328.881469,0.04622730,2328.881469,0.04205969
2323.038397,0.05613584,2323.038397,0.05392749,2323.038397,0.05063664,2323.038397,0.04666232,2323.038397,0.04248643
2317.195326,0.05629167,2317.195326,0.05421431,2317.195326,0.05101967,2317.195326,0.04709512,2317.195326,0.04291652
2311.352254,0.05643244,2311.352254,0.05448884,2311.352254,0.05139467,2311.352254,0.04752512,2311.352254,0.04334939
2305.509182,0.05655797,2305.509182,0.05475072,2305.509182,0.05176115,2305.509182,0.04795176,2305.509182,0.04378446
2299.666110,0.05666808,2299.666110,0.05499960,2299.666110,0.05211861,2299.666110,0.04837447,2299.666110,0.04422115
2293.823038,0.05676264,2293.823038,0.05523514,2293.823038,0.05246658,2293.823038,0.04879267,2293.823038,0.04465888
2287.979967,0.05684151,2287.979967,0.05545703,2287.979967,0.05280460,2287.979967,0.04920582,2287.979967,0.04509706
2282.136895,0.05690459,2282.136895,0.05566498,2282.136895,0.05313220,2282.136895,0.04961335,2282.136895,0.04553511
2276.293823,0.05695179,2276.293823,0.05585871,2276.293823,0.05344896,2276.293823,0.05001474,2276.293823,0.04597245
2270.450751,0.05698305,2270.450751,0.05603796,2270.450751,0.05375445,2270.450751,0.05040944,2270.450751,0.04640850
2264.607679,0.05699834,2264.607679,0.05620248,2264.607679,0.05404827,2264.607679,0.05079692,2264.607679,0.04684266
2258.764608,0.05699763,2258.764608,0.05635207,2258.764608,0.05433003,2258.764608,0.05117668,2258.764608,0.04727437
2252.921536,0.05698091,2252.921536,0.05648652,2252.921536,0.05459934,2252.921536,0.05154819,2252.921536,0.04770305
2247.078464,0.05694823,2247.078464,0.05660566,2247.078464,0.05485585,2247.078464,0.05191098,2247.078464,0.04812812
2241.235392,0.05689960,2241.235392,0.05670932,2241.235392,0.05509922,2241.235392,0.05226455,2241.235392,0.04854902
2235.392321,0.05683511,2235.392321,0.05679736,2235.392321,0.05532912,2235.392321,0.05260843,2235.392321,0.04896518
2229.549249,0.05675484,2229.549249,0.05686967,2229.549249,0.05554525,2229.549249,0.05294217,2229.549249,0.04937606
2223.706177,0.05665889,2223.706177,0.05692615,2223.706177,0.05574732,2223.706177,0.05326531,2223.706177,0.04978111
2217.863105,0.05654740,2217.863105,0.05696673,2217.863105,0.05593505,2217.863105,0.05357744,2217.863105,0.05017978
2212.020033,0.05642050,2212.020033,0.05699136,2212.020033,0.05610820,2212.020033,0.05387812,2212.020033,0.05057154
2206.176962,0.05627838,2206.176962,0.05699999,2206.176962,0.05626654,2206.176962,0.05416697,2206.176962,0.05095587
2200.333890,0.05612122,2200.333890,0.05699262,2200.333890,0.05640985,2200.333890,0.05444359,2200.333890,0.05133226
2194.490818,0.05594923,2194.490818,0.05696925,2194.490818,0.05653795,2194.490818,0.05470762,2194.490818,0.05170020
2188.647746,0.05576263,2188.647746,0.05692993,2188.647746,0.05665067,2188.647746,0.05495871,2188.647746,0.05205921
2182.804674,0.05556169,2182.804674,0.05687470,2182.804674,0.05674785,2182.804674,0.05519651,2182.804674,0.05240881
2176.961603,0.05534666,2176.961603,0.05680363,2176.961603,0.05682936,2176.961603,0.05542072,2176.961603,0.05274852
2171.118531,0.05511783,2171.118531,0.05671682,2171.118531,0.05689510,2171.118531,0.05563103,2171.118531,0.05307791
2165.275459,0.05487551,2165.275459,0.05661439,2165.275459,0.05694497,2165.275459,0.05582717,2165.275459,0.05339652
2159.432387,0.05462003,2159.432387,0.05649647,2159.432387,0.05697892,2159.432387,0.05600886,2159.432387,0.05370394
2153.589316,0.05435171,2153.589316,0.05636322,2153.589316,0.05699689,2153.589316,0.05617588,2153.589316,0.05399975
2147.746244,0.05407092,2147.746244,0.05621482,2147.746244,0.05699887,2147.746244,0.05632799,2147.746244,0.05428355
2141.903172,0.05377804,2141.903172,0.05605146,2141.903172,0.05698484,2141.903172,0.05646500,2141.903172,0.05455498
2136.060100,0.05347345,2136.060100,0.05587336,2136.060100,0.05695483,2136.060100,0.05658672,2136.060100,0.05481367
2130.217028,0.05315756,2130.217028,0.05568077,2130.217028,0.05690888,2130.217028,0.05669299,2130.217028,0.05505927
2124.373957,0.05283080,2124.373957,0.05547393,2124.373957,0.05684705,2124.373957,0.05678366,2124.373957,0.05529145
2118.530885,0.05249359,2118.530885,0.05525313,2118.530885,0.05676942,2118.530885,0.05685863,2118.530885,0.05550992
2112.687813,0.05214639,2112.687813,0.05501865,2112.687813,0.05667610,2112.687813,0.05691777,2112.687813,0.05571436
2106.844741,0.05178966,2106.844741,0.05477081,2106.844741,0.05656721,2106.844741,0.05696103,2106.844741,0.05590452
2101.001669,0.05142387,2101.001669,0.05450994,2101.001669,0.05644289,2101.001669,0.05698834,2101.001669,0.05608014
2095.158598,0.05104952,2095.158598,0.05423640,2095.158598,0.05630332,2095.158598,0.05699966,2095.158598,0.05624098
2089.315526,0.05066710,2089.315526,0.05395053,2089.315526,0.05614867,2089.315526,0.05699497,2089.315526,0.05638684
2083.472454,0.05027713,2083.472454,0.05365273,2083.472454,0.05597915,2083.472454,0.05697430,2083.472454,0.05651750
2077.629382,0.04988012,2077.629382,0.05334339,2077.629382,0.05579499,2077.629382,0.05693765,2077.629382,0.05663281
2071.786311,0.04947660,2071.786311,0.05302293,2071.786311,0.05559644,2071.786311,0.05688509,2071.786311,0.05673261
2065.943239,0.04906711,2065.943239,0.05269176,2065.943239,0.05538376,2065.943239,0.05681667,2065.943239,0.05681676
2060.100167,0.04865219,2060.100167,0.05235034,2060.100167,0.05515723,2060.100167,0.05673250,2060.100167,0.05688516
2054.257095,0.04823241,2054.257095,0.05199912,2054.257095,0.05491715,2054.257095,0.05663269,2054.257095,0.05693770
2048.414023,0.04780832,2048.414023,0.05163856,2048.414023,0.05466385,2048.414023,0.05651736,2048.414023,0.05697433
2042.570952,0.04738048,2042.570952,0.05126916,2042.570952,0.05439767,2042.570952,0.05638667,2042.570952,0.05699499
2036.727880,0.04694947,2036.727880,0.05089139,2036.727880,0.05411895,2036.727880,0.05624080,2036.727880,0.05699965
2030.884808,0.04651585,2030.884808,0.05050576,2030.884808,0.05382807,2030.884808,0.05607994,2030.884808,0.05698831
2025.041736,0.04608022,2025.041736,0.05011280,2025.041736,0.05352542,2025.041736,0.05590430,2025.041736,0.05696099
2019.198664,0.04564314,2019.198664,0.04971301,2019.198664,0.05321141,2019.198664,0.05571413,2019.198664,0.05691771
2013.355593,0.04520521,2013.355593,0.04930694,2013.355593,0.05288644,2013.355593,0.05550966,2013.355593,0.05685855
2007.512521,0.04476701,2007.512521,0.04889513,2007.512521,0.05255095,2007.512521,0.05529119,2007.512521,0.05678357
2001.669449,0.04432911,2001.669449,0.04847812,2001.669449,0.05220540,2001.669449,0.05505898,2001.669449,0.05669287
1995.826377,0.04389211,1995.826377,0.04805648,1995.826377,0.05185023,1995.826377,0.05481337,1995.826377,0.05658659
1989.983306,0.04345659,1989.983306,0.04763076,1989.983306,0.05148594,1989.983306,0.05455467,1989.983306,0.05646485
1984.140234,0.04302312,1984.140234,0.04720153,1984.140234,0.05111299,1984.140234,0.05428322,1984.140234,0.05632782
1978.297162,0.04259229,1978.297162,0.04676937,1978.297162,0.05073189,1978.297162,0.05399940,1978.297162,0.05617569
1972.454090,0.04216468,1972.454090,0.04633484,1972.454090,0.05034315,1972.454090,0.05370358,1972.454090,0.05600866
1966.611018,0.04174084,1966.611018,0.04589854,1966.611018,0.04994728,1966.611018,0.05339615,1966.611018,0.05582694
1960.767947,0.04132135,1960.767947,0.04546104,1960.767947,0.04954482,1960.767947,0.05307752,1960.767947,0.05563079
1954.924875,0.04090676,1954.924875,0.04502292,1954.924875,0.04913629,1954.924875,0.05274813,1954.924875,0.05542046
1949.081803,0.04049764,1949.081803,0.04458477,1949.081803,0.04872225,1949.081803,0.05240840,1949.081803,0.05519624
1943.238731,0.04009451,1943.238731,0.04414718,1943.238731,0.04830325,1943.238731,0.05205879,1943.238731,0.05495842
1937.395659,0.03969793,1937.395659,0.04371072,1937.395659,0.04787984,1937.395659,0.05169977,1937.395659,0.05470732
1931.552588,0.03930842,1931.552588,0.04327598,1931.552588,0.04745259,1931.552588,0.05133182,1931.552588,0.05444328
1925.709516,0.03892650,1925.709516,0.04284355,1925.709516,0.04702208,1925.709516,0.05095542,1925.709516,0.05416664
1919.866444,0.03855268,1919.866444,0.04241399,1919.866444,0.04658887,1919.866444,0.05057109,1919.866444,0.05387780
1914.023372,0.03818747,1914.023372,0.04198789,1914.023372,0.04615356,1914.023372,0.05017935,1914.023372,0.05357713
1908.180301,0.03783136,1908.180301,0.04156584,1908.180301,0.04571675,1908.180301,0.04978076,1908.180301,0.05326509
1902.337229,0.03748486,1902.337229,0.04114844,1902.337229,0.04527907,1902.337229,0.04937590,1902.337229,0.05294218
1896.494157,0.03714850,1896.494157,0.04073634,1896.494157,0.04484125,1896.494157,0.04896551,1896.494157,0.05260903
1890.651085,0.03682290,1890.651085,0.04033032,1890.651085,0.04440418,1890.651085,0.04855050,1890.651085,0.05226655
1884.808013,0.03650886,1884.808013,0.03993145,1884.808013,0.04396910,1884.808013,0.04813228,1884.808013,0.05191622
1878.964942,0.03620762,1878.964942,0.03954135,1878.964942,0.04353805,1878.964942,0.04771320,1878.964942,0.05156063
1873.121870,0.03592127,1873.121870,0.03916284,1873.121870,0.04311460,1873.121870,0.04729754,1873.121870,0.05120465
1867.278798,0.03565366,1867.278798,0.03880108,1867.278798,0.04270530,1867.278798,0.04689319,1867.278798,0.05085737
1861.435726,0.03541190,1861.435726,0.03846557,1861.435726,0.04232227,1861.435726,0.04651484,1861.435726,0.05053570
1855.592654,0.03520914,1855.592654,0.03817375,1855.592654,0.04198760,1855.592654,0.04618911,1855.592654,0.05027029
1849.749583,0.03506904,1849.749583,0.03795675,1849.749583,0.04174061,1849.749583,0.04596315,1849.749583,0.05011502
1843.906511,0.03503298,1843.906511,0.03786864,1843.906511,0.04164897,1843.906511,0.04591761,1843.906511,0.05016157
1838.063439,0.03517091,1838.063439,0.03800002,1838.063439,0.04182531,1838.063439,0.04618565,1838.063439,0.05056016
1832.220367,0.03559668,1832.220367,0.03849719,1832.220367,0.04245002,1832.220367,0.04697893,1832.220367,0.05154766
1826.377295,0.03648859,1826.377295,0.03958727,1826.377295,0.04380079,1826.377295,0.04862051,1826.377295,0.05348256
1820.534224,0.03811446,1820.534224,0.04160845,1820.534224,0.04628742,1820.534224,0.05158288,1820.534224,0.05688445
1814.691152,0.04085942,1814.691152,0.04504238,1814.691152,0.05048801,1814.691152,0.05652616,1814.691152,0.06247216
1808.848080,0.04525169,1808.848080,0.05054298,1808.848080,0.05717934,1808.848080,0.06432802,1808.848080,0.07119119
1803.005008,0.05197943,1803.005008,0.05895258,1803.005008,0.06735044,1803.005008,0.07609272,1803.005008,0.08421666
1797.161937,0.06188863,1797.161937,0.07129328,1797.161937,0.08218539,1797.161937,0.09312405,1797.161937,0.10291607
1791.318865,0.07595089,1791.318865,0.08872057,1791.318865,0.10300085,1791.318865,0.11684667,1791.318865,0.12875635
1785.475793,0.09519075,1785.475793,0.11242773,1785.475793,0.13112634,1785.475793,0.14866462,1785.475793,0.16314537
1779.632721,0.12056676,1779.632721,0.14349590,1779.632721,0.16772377,1779.632721,0.18975557,1779.632721,0.20720913
1773.789649,0.15280895,1773.789649,0.18269553,1773.789649,0.21355561,1773.789649,0.24081428,1773.789649,0.26152217
1767.946578,0.19222718,1767.946578,0.23025927,1767.946578,0.26872781,1767.946578,0.30177712,1767.946578,0.32582756
1762.103506,0.23851809,1762.103506,0.28566159,1762.103506,0.33245015,1762.103506,0.37157649,1762.103506,0.39879952
1756.260434,0.29060917,1756.260434,0.34745193,1756.260434,0.40286861,1756.260434,0.44798485,1756.260434,0.47791041
1750.417362,0.34658326,1750.417362,0.41319185,1750.417362,0.47702504,1750.417362,0.52760611,1750.417362,0.55945903
1744.574290,0.40372144,1744.574290,0.47953743,1744.574290,0.55098715,1744.574290,0.60605552,1744.574290,0.63879677
1738.731219,0.45868590,1738.731219,0.54248683,1738.731219,0.62016405,1738.731219,0.67833671,1738.731219,0.71075209
1732.888147,0.50783833,1732.888147,0.59778043,1732.888147,0.67978527,1732.888147,0.73938349,1732.888147,0.77021122
1727.045075,0.54765860,1727.045075,0.64140539,1727.045075,0.72548129,1727.045075,0.78469203,1727.045075,0.81277125
1721.202003,0.57520130,1721.202003,0.67012655,1721.202003,0.75387262,1721.202003,0.81093910,1721.202003,0.83535510
1715.358932,0.58851133,1715.358932,0.68194985,1715.358932,0.76306159,1715.358932,0.81647357,1715.358932,0.83667418
1709.515860,0.58692028,1709.515860,0.67643003,1709.515860,0.75293171,1709.515860,0.80158455,1709.515860,0.81744688
1703.672788,0.57116442,1703.672788,0.65476033,1703.672788,0.72519330,1703.672788,0.76849073,1703.672788,0.78032660
1697.829716,0.54329869,1697.829716,0.61962371,1697.829716,0.68316317,1697.829716,0.72104921,1697.829716,0.72954964
1691.986644,0.50642123,1691.986644,0.57483192,1691.986644,0.63131832,1691.986644,0.66423736,1691.986644,0.67036798
1686.143573,0.46425950,1686.143573,0.52481942,1686.143573,0.57470596,1686.143573,0.60350275,1686.143573,0.60837022
1680.300501,0.42069305,1680.300501,0.47408300,1680.300501,0.51831479,1680.300501,0.54409507,1680.300501,0.54880799
1674.457429,0.37929448,1674.457429,0.42666097,1674.457429,0.46651059,1674.457429,0.49048726,1674.457429,0.49603297
1668.614357,0.34295847,1668.614357,0.38572888,1668.614357,0.42261644,1668.614357,0.44596448,1668.614357,0.45311747
1662.771285,0.31366450,1662.771285,0.35335790,1662.771285,0.38868127,1662.771285,0.41241930,1662.771285,0.42168860
1656.928214,0.29238870,1656.928214,0.33044660,1656.928214,0.36544136,1656.928214,0.39034973,1656.928214,0.40196505
1651.085142,0.27915220,1651.085142,0.31680613,1651.085142,0.35244600,1651.085142,0.37902394,1651.085142,0.39295416
1645.242070,0.27317373,1645.242070,0.31135736,1645.242070,0.34829828,1645.242070,0.37675643,1645.242070,0.39275088
1639.398998,0.27308453,1639.398998,0.31239080,1639.398998,0.35095525,1639.398998,0.38123636,1639.398998,0.39887869
1633.555927,0.27716474,1633.555927,0.31784273,1633.555927,0.35803711,1633.555927,0.38985634,1633.555927,0.40862227
1627.712855,0.28356802,1627.712855,0.32555135,1627.712855,0.36710777,1627.712855,0.40000467,1627.712855,0.41931731
1621.869783,0.29051272,1621.869783,0.33347037,1621.869783,0.37590439,1621.869783,0.40930011,1621.869783,0.42857923
1616.026711,0.29642893,1616.026711,0.33983005,1616.026711,0.38250717,1616.026711,0.41576239,1616.026711,0.43446619
1610.183639,0.30006014,1610.183639,0.34324592,1610.183639,0.38545146,1610.183639,0.41792228,1610.183639,0.43558186
1604.340568,0.30052437,1604.340568,0.34278179,1604.340568,0.38379049,1604.340568,0.41488106,1604.340568,0.43112893
1598.497496,0.29734285,1598.497496,0.33797721,1598.497496,0.37712061,1598.497496,0.40633234,1598.497496,0.42092655
1592.654424,0.29044576,1592.654424,0.32884992,1592.654424,0.36558052,1592.654424,0.39255828,1592.654424,0.40540391
1586.811352,0.28016274,1586.811352,0.31588212,1586.811352,0.34983358,1586.811352,0.37440869,1586.811352,0.38557674
1580.968280,0.26720234,1580.968280,0.29999362,1580.968280,0.33103492,1580.968280,0.35326252,1580.968280,0.36300395
1575.125209,0.25261752,1575.125209,0.28249681,1575.125209,0.31077463,1575.125209,0.33095917,1575.125209,0.33970742
1569.282137,0.23774551,1569.282137,0.26501717,1569.282137,0.29097607,1569.282137,0.30967347,1569.282137,0.31802517
1563.439065,0.22410227,1563.439065,0.24935547,1563.439065,0.27372058,1563.439065,0.29170240,1563.439065,0.30036387
1557.595993,0.21321151,1557.595993,0.23726950,1557.595993,0.26097607,1557.595993,0.27914220,1557.595993,0.28883403
1551.752922,0.20636138,1551.752922,0.23017312,1551.752922,0.25423422,1551.752922,0.27347077,1551.752922,0.28479415
1545.909850,0.20431196,1545.909850,0.22878886,1545.909850,0.25410918,1545.909850,0.27510647,1545.909850,0.28839312
1540.066778,0.20701651,1540.066778,0.23283737,1540.066778,0.26000418,1540.066778,0.28307219,1540.066778,0.29825709
1534.223706,0.21345219,1534.223706,0.24088027,1534.223706,0.26998355,1534.223706,0.29491796,1534.223706,0.31148149
1528.380634,0.22165791,1528.380634,0.25042489,1528.380634,0.28096558,1528.380634,0.30701681,1528.380634,0.32403211
1522.537563,0.22903264,1522.537563,0.25833613,1522.537563,0.28926618,1522.537563,0.31524012,1522.537563,0.33153138
1516.694491,0.23286192,1516.694491,0.26149374,1516.694491,0.29139470,1516.694491,0.31587271,1516.694491,0.33025082
1510.851419,0.23094466,1510.851419,0.25752533,1510.851419,0.28488580,1510.851419,0.30650892,1510.851419,0.31801877
1505.008347,0.22213191,1505.008347,0.24538931,1505.008347,0.26890566,1505.008347,0.28664215,1505.008347,0.29474811
1499.165275,0.20660064,1499.165275,0.22561453,1499.165275,0.24443025,1499.165275,0.25775087,1499.165275,0.26240731
1493.322204,0.18577206,1493.322204,0.20011910,1493.322204,0.21394090,1493.322204,0.22285990,1493.322204,0.22445563
1487.479132,0.16191020,1487.479132,0.17168050,1487.479132,0.18075387,1487.479132,0.18574109,1487.479132,0.18494944
1481.636060,0.13754613,1481.636060,0.14324600,1481.636060,0.14821873,1481.636060,0.15002820,1481.636060,0.14762103
1475.792988,0.11491860,1475.792988,0.11730607,1475.792988,0.11903753,1475.792988,0.11851552,1475.792988,0.11519992
1469.949917,0.09558898,1469.949917,0.09549908,1469.949917,0.09487628,1469.949917,0.09280338,1469.949917,0.08911926
1464.106845,0.08030253,1464.106845,0.07850773,1464.106845,0.07631144,1464.106845,0.07330832,1464.106845,0.06959591
1458.263773,0.06907318,1458.263773,0.06620137,1458.263773,0.06303801,1458.263773,0.05953676,1458.263773,0.05595909
1452.420701,0.06140587,1452.420701,0.05791471,1452.420701,0.05420635,1452.420701,0.05046996,1452.420701,0.04706406
1446.577629,0.05655474,1446.577629,0.05274659,1446.577629,0.04875823,1446.577629,0.04492379,1446.577629,0.04165621
1440.734558,0.05373925,1440.734558,0.04979624,1440.734558,0.04567834,1440.734558,0.04180353,1440.734558,0.03861452
1434.891486,0.05228121,1434.891486,0.04830397,1434.891486,0.04413386,1434.891486,0.04023456,1434.891486,0.03706541
1429.048414,0.05166307,1429.048414,0.04770315,1429.048414,0.04351716,1429.048414,0.03959215,1429.048414,0.03639773
1423.205342,0.05152889,1423.205342,0.04761163,1423.205342,0.04342621,1423.205342,0.03947073,1423.205342,0.03622206
1417.362270,0.05165530,1417.362270,0.04779378,1417.362270,0.04361757,1417.362270,0.03962918,1417.362270,0.03631126
1411.519199,0.05191391,1411.519199,0.04811664,1411.519199,0.04395654,1411.519199,0.03993703,1411.519199,0.03654543
1405.676127,0.05223815,1405.676127,0.04851294,1405.676127,0.04437711,1405.676127,0.04033286,1405.676127,0.03687118
1399.833055,0.05259946,1399.833055,0.04895557,1399.833055,0.04485518,1399.833055,0.04079773,1399.833055,0.03727647
1393.989983,0.05299313,1393.989983,0.04944291,1393.989983,0.04539390,1393.989983,0.04134129,1393.989983,0.03777857
1388.146912,0.05343180,1388.146912,0.04999261,1388.146912,0.04601822,1388.146912,0.04199768,1388.146912,0.03842168
1382.303840,0.05394469,1382.303840,0.05064161,1382.303840,0.04677603,1382.303840,0.04282820,1382.303840,0.03928139
1376.460768,0.05458072,1376.460768,0.05145030,1376.460768,0.04774393,1376.460768,0.04392896,1376.460768,0.04047420
1370.617696,0.05541466,1370.617696,0.05250998,1370.617696,0.04903637,1370.617696,0.04544207,1370.617696,0.04217065
1364.774624,0.05655527,1364.774624,0.05395238,1364.774624,0.05081713,1364.774624,0.04756913,1364.774624,0.04461074
1358.931553,0.05815461,1358.931553,0.05596026,1358.931553,0.05331162,1358.931553,0.05058542,1358.931553,0.04811945
1353.088481,0.06041722,1353.088481,0.05877747,1353.088481,0.05681815,1353.088481,0.05485215,1353.088481,0.05311960
1347.245409,0.06360729,1347.245409,0.06271630,1347.245409,0.06171531,1347.245409,0.06082357,1347.245409,0.06013795
1341.402337,0.06805127,1341.402337,0.06815890,1341.402337,0.06846179,1341.402337,0.06904441,1341.402337,0.06979952
1335.559265,0.07413292,1335.559265,0.07554948,1335.559265,0.07758465,1335.559265,0.08013305,1335.559265,0.08280499
1329.716194,0.08227757,1329.716194,0.08537376,1329.716194,0.08965196,1329.716194,0.09474599,1329.716194,0.09988640
1323.873122,0.09292319,1323.873122,0.09812291,1323.873122,0.10522716,1323.873122,0.11352097,1323.873122,0.12173892
1318.030050,0.10647681,1318.030050,0.11424122,1318.030050,0.12480469,1318.030050,0.13699875,1318.030050,0.14892938
1312.186978,0.12325766,1312.186978,0.13405919,1312.186978,0.14872967,1312.186978,0.16552803,1312.186978,0.18178776
1306.343907,0.14343092,1306.343907,0.15771766,1306.343907,0.17710892,1306.343907,0.19916269,1306.343907,0.22029284
1300.500835,0.16693963,1300.500835,0.18509185,1300.500835,0.20972469,1300.500835,0.23756517,1300.500835,0.26396851
1294.657763,0.19344486,1294.657763,0.21572751,1294.657763,0.24596541,1294.657763,0.27993335,1294.657763,0.31181023
1288.814691,0.22228628,1288.814691,0.24880276,1288.814691,0.28478957,1288.814691,0.32496889,1288.814691,0.36226161
1282.971619,0.25247448,1282.971619,0.28312828,1282.971619,0.32473642,1282.971619,0.37090213,1282.971619,0.41325653
1277.128548,0.28272399,1277.128548,0.31719450,1277.128548,0.36399258,1277.128548,0.41558230,1277.128548,0.46233468
1271.285476,0.31153023,1271.285476,0.34926849,1271.285476,0.40051552,1271.285476,0.45663189,1271.285476,0.50682663
1265.442404,0.33728704,1265.442404,0.37753449,1265.442404,0.43220507,1265.442404,0.49165273,1265.442404,0.54409208
1259.599332,0.35843343,1259.599332,0.40026395,1259.599332,0.45710456,1259.599332,0.51846060,1259.599332,0.57178333
1253.756260,0.37361203,1253.756260,0.41599386,1253.756260,0.47360591,1253.756260,0.53531762,1253.756260,0.58809873
1247.913189,0.38181747,1247.913189,0.42368862,1247.913189,0.48062964,1247.913189,0.54112910,1247.913189,0.59198922
1242.070117,0.38251301,1242.070117,0.42286137,1242.070117,0.47775277,1242.070117,0.53557507,1242.070117,0.58328653
1236.227045,0.37569755,1236.227045,0.41363625,1236.227045,0.46526503,1236.227045,0.51915619,1236.227045,0.56273339
1230.383973,0.36191280,1230.383973,0.39674188,1230.383973,0.44414474,1230.383973,0.49314726,1230.383973,0.53191123
1224.540902,0.34218964,1224.540902,0.37343766,1224.540902,0.41595855,1224.540902,0.45946602,1224.540902,0.49307761
1218.697830,0.31794273,1218.697830,0.34538472,1218.697830,0.38270148,1218.697830,0.42047857,1218.697830,0.44893920
1212.854758,0.29082979,1212.854758,0.31448186,1212.854758,0.34660170,1212.854758,0.37877090,1212.854758,0.40239450
1207.011686,0.26259675,1207.011686,0.28269049,1207.011686,0.30991862,1207.011686,0.33691924,1207.011686,0.35628243
1201.168614,0.23492989,1201.168614,0.25187220,1201.168614,0.27476057,1201.168614,0.29728846,1201.168614,0.31316771
1195.325543,0.20933276,1195.325543,0.22365762,1195.325543,0.24294237,1195.325543,0.26187976,1195.325543,0.27518444
1189.482471,0.18703930,1189.482471,0.19935792,1189.482471,0.21589374,1189.482471,0.23223802,1189.482471,0.24394667
1183.639399,0.16896712,1183.639399,0.17992163,1183.639399,0.19461989,1183.639399,0.20941797,1183.639399,0.22052283
1177.796327,0.15570780,1177.796327,0.16593197,1177.796327,0.17970718,1177.796327,0.19399966,1177.796327,0.20546168
1171.953255,0.14754624,1171.953255,0.15763475,1171.953255,0.17136136,1171.953255,0.18613786,1171.953255,0.19885206
1166.110184,0.14449801,1166.110184,0.15498411,1166.110184,0.16946363,1166.110184,0.18562864,1166.110184,0.20039805
1160.267112,0.14635400,1160.267112,0.15769438,1160.267112,0.17363136,1160.267112,0.19197841,1160.267112,0.20949389
1154.424040,0.15272355,1154.424040,0.16528868,1154.424040,0.18327326,1154.424040,0.20446507,1154.424040,0.22528870
1148.580968,0.16307081,1148.580968,0.17713896,1148.580968,0.19763403,1148.580968,0.22218640,1148.580968,0.24673667
1142.737896,0.17674261,1142.737896,0.19249641,1142.737896,0.21582782,1142.737896,0.24409621,1142.737896,0.27263457
1136.894825,0.19298938,1136.894825,0.21051429,1136.894825,0.23686371,1136.894825,0.26903231,1136.894825,0.30165178
1131.051753,0.21098282,1131.051753,0.23026761,1131.051753,0.25966820,1131.051753,0.29574257,1131.051753,0.33236004
1125.208681,0.22983467,1125.208681,0.25077433,1125.208681,0.28311040,1125.208681,0.32291522,1125.208681,0.36326961
1119.365609,0.24862037,1119.365609,0.27102227,1119.365609,0.30603418,1119.365609,0.34921796,1119.365609,0.39287616
1113.522538,0.26640999,1113.522538,0.29000389,1113.522538,0.32729922,1113.522538,0.37334752,1113.522538,0.41971971
1107.679466,0.28230669,1107.679466,0.30675876,1107.679466,0.34583055,1107.679466,0.39408833,1107.679466,0.44245313
1101.836394,0.29549063,1101.836394,0.32042131,1101.836394,0.36067311,1101.836394,0.41037599,1101.836394,0.45991469
1095.993322,0.30526463,1095.993322,0.33026946,1095.993322,0.37104618,1095.993322,0.42135915,1095.993322,0.47119714
1090.150250,0.31109670,1090.150250,0.33576879,1090.150250,0.37639139,1090.150250,0.42645249,1090.150250,0.47570494
1084.307179,0.31265419,1084.307179,0.33660660,1084.307179,0.37640830,1084.307179,0.42537388,1084.307179,0.47319205
1078.464107,0.30982497,1078.464107,0.33271129,1078.464107,0.37107222,1078.464107,0.41816044,1078.464107,0.46377486
1072.621035,0.30272263,1072.621035,0.32425400,1072.621035,0.36063177,1072.621035,0.40516059,1072.621035,0.44791750
1066.777963,0.29167434,1066.777963,0.31163162,1066.777963,0.34558528,1066.777963,0.38700214,1066.777963,0.42639052
1060.934891,0.27719232,1060.934891,0.29543265,1060.934891,0.32663845,1060.934891,0.36453963,1060.934891,0.40020691
1055.091820,0.25993182,1055.091820,0.27638930,1055.091820,0.30464748,1055.091820,0.33878611,1055.091820,0.37054216
1049.248748,0.24063996,1049.248748,0.25532099,1049.248748,0.28055370,1049.248748,0.31083677,1049.248748,0.33864677
1043.405676,0.22010085,1043.405676,0.23307491,1043.405676,0.25531637,1043.405676,0.28179196,1043.405676,0.30575982
1037.562604,0.19908226,1037.562604,0.21046959,1037.562604,0.22984999,1037.562604,0.25268688,1037.562604,0.27303170
1031.719533,0.17828891,1031.719533,0.18824635,1031.719533,0.20497171,1031.719533,0.22443395,1031.719533,0.24146229
1025.876461,0.15832583,1025.876461,0.16703240,1025.876461,0.18136255,1025.876461,0.19778169,1025.876461,0.21185849
1020.033389,0.13967418,1020.033389,0.14731763,1020.033389,0.15954425,1020.033389,0.17329187,1020.033389,0.18481254
1014.190317,0.12267996,1014.190317,0.12944519,1014.190317,0.13987179,1014.190317,0.15133437,1014.190317,0.16070006
1008.347245,0.10755486,1008.347245,0.11361489,1008.347245,0.12253982,1008.347245,0.13209748,1008.347245,0.13969491
1002.504174,0.09438712,1002.504174,0.09989674,1002.504174,0.10760008,1002.504174,0.11561011,1002.504174,0.12179651
996.661102,0.08315969,996.661102,0.08825180,996.661102,0.09498624,996.661102,0.10177167,996.661102,0.10686494
990.818030,0.07377266,990.818030,0.07855700,990.818030,0.08454253,990.818030,0.09038541,990.818030,0.09465911
984.974958,0.06606724,984.974958,0.07063090,984.974958,0.07605285,984.974958,0.08119173,984.974958,0.08487404
979.131886,0.05984863,979.131886,0.06425802,979.131886,0.06926773,979.131886,0.07389844,979.131886,0.07717418
973.288815,0.05490640,973.288815,0.05920997,973.288815,0.06392742,973.288815,0.06820630,973.288815,0.07122120
967.445743,0.05103110,967.445743,0.05526259,967.445743,0.05978028,967.445743,0.06382906,967.445743,0.06669541
961.602671,0.04802713,961.602671,0.05220888,961.602671,0.05659656,961.602671,0.06050826,961.602671,0.06331153
955.759599,0.04572225,955.759599,0.04986858,955.759599,0.05417834,955.759599,0.05802398,955.759599,0.06083013
949.916528,0.04397482,949.916528,0.04809538,949.916528,0.05236730,949.916528,0.05620329,949.916528,0.05906711
944.073456,0.04268038,944.073456,0.04678378,944.073456,0.05105205,944.073456,0.05492881,944.073456,0.05790378
938.230384,0.04177949,938.230384,0.04587722,938.230384,0.05017746,938.230384,0.05414962,938.230384,0.05730035
932.387312,0.04126846,932.387312,0.04537964,932.387312,0.04975750,932.387312,0.05389673,932.387312,0.05731468
926.544240,0.04121425,926.544240,0.04537103,926.544240,0.04989256,926.544240,0.05430318,926.544240,0.05812630
920.701169,0.04177296,920.701169,0.04602628,920.701169,0.05078963,920.701169,0.05562670,920.701169,0.06006218
914.858097,0.04320878,914.858097,0.04763340,914.858097,0.05278058,914.858097,0.05826856,914.858097,0.06361601
909.015025,0.04590672,909.015025,0.05060367,909.015025,0.05632957,909.015025,0.06277767,909.015025,0.06944758
903.171953,0.05036870,903.171953,0.05546254,903.171953,0.06201732,903.171953,0.06982562,903.171953,0.07834515
897.328881,0.05718044,897.328881,0.06280863,897.328881,0.07048876,897.328881,0.08013783,897.328881,0.09113504
891.485810,0.06693830,891.485810,0.07323082,891.485810,0.08235445,891.485810,0.09437208,891.485810,0.10853030
885.642738,0.08013188,885.642738,0.08718145,885.642738,0.09804675,885.642738,0.11294835,885.642738,0.13092739
879.799666,0.09699151,879.799666,0.10481820,879.799666,0.11764730,879.799666,0.13585301,879.799666,0.15818186
873.956594,0.11732646,873.956594,0.12584386,873.956594,0.14072102,873.956594,0.16246070,873.956594,0.18941669
868.113523,0.14039481,868.113523,0.14938792,868.113523,0.16620531,868.113523,0.19143002,868.113523,0.22292857
862.270451,0.16485311,862.270451,0.17397796,862.270451,0.19240467,862.270451,0.22072754,862.270451,0.25625127
856.427379,0.18882585,856.427379,0.19763722,856.427379,0.21712501,856.427379,0.24781205,856.427379,0.28640438
850.584307,0.21010982,850.584307,0.21811699,850.584307,0.23794850,850.584307,0.26997104,850.584307,0.31030739
844.741235,0.22649186,844.741235,0.23323335,844.741235,0.25260819,844.741235,0.28475377,844.741235,0.32528504
838.898164,0.23611967,838.898164,0.24124142,838.898164,0.25938425,838.898164,0.29040745,838.898164,0.32955100
833.055092,0.23784095,833.055092,0.24115893,833.055092,0.25742658,833.055092,0.28620925,833.055092,0.32254929
827.212020,0.23142506,827.212020,0.23295643,827.212020,0.24692030,827.212020,0.27260763,827.212020,0.30506324
821.368948,0.21760827,821.368948,0.21756313,821.368948,0.22904951,821.368948,0.25113455,821.368948,0.27906250
815.525876,0.19795043,815.525876,0.19668683,815.525876,0.20576919,815.525876,0.22411249,815.525876,0.24732949
809.682805,0.17454152,809.682805,0.17249622,809.682805,0.17944600,809.682805,0.19423358,809.682805,0.21296303
803.839733,0.14963443,803.839733,0.14724709,803.839733,0.15245907,803.839733,0.16411626,803.839733,0.17888133
797.996661,0.12529267,797.996661,0.12294100,797.996661,0.12685295,797.996661,0.13593877,797.996661,0.14743237
792.153589,0.10312735,792.153589,0.10108522,792.153589,0.10410936,792.153589,0.11121587,792.153589,0.12017676
786.310518,0.08416376,786.310518,0.08258672,786.310518,0.08506381,786.310518,0.09073792,786.310518,0.09785429
780.467446,0.06883894,780.467446,0.06777371,780.467446,0.06995260,780.467446,0.07464854,780.467446,0.08049859
774.624374,0.05709975,774.624374,0.05650963,774.624374,0.05854853,774.624374,0.06260995,774.624374,0.06763824
768.781302,0.04855513,768.781302,0.04835162,768.781302,0.05033358,768.781302,0.05399836,768.781302,0.05851989
762.938230,0.04263678,762.938230,0.04270925,762.938230,0.04466372,762.938230,0.04808223,762.938230,0.05230315
757.095159,0.03873463,757.095159,0.03897311,757.095159,0.04089728,757.095159,0.04415570,757.095159,0.04820068
751.252087,0.03629093,751.252087,0.03660033,751.252087,0.03847641,751.252087,0.04161927,751.252087,0.04555868
745.409015,0.03485192,745.409015,0.03515873,745.409015,0.03696634,745.409015,0.04001539,745.409015,0.04388886
739.565943,0.03408686,739.565943,0.03434075,739.565943,0.03606501,739.565943,0.03903438,739.565943,0.04287045
733.722871,0.03378834,733.722871,0.03396128,733.722871,0.03559861,733.722871,0.03850737,733.722871,0.04234097
727.879800,0.03386747,727.879800,0.03395260,727.879800,0.03551584,727.879800,0.03840014,727.879800,0.04229011
722.036728,0.03435348,722.036728,0.03436486,722.036728,0.03588895,722.036728,0.03881480,722.036728,0.04286314
716.193656,0.03540120,716.193656,0.03537393,716.193656,0.03692173,716.193656,0.03999846,716.193656,0.04437063
710.350584,0.03730155,710.350584,0.03729050,710.350584,0.03895676,710.350584,0.04234809,710.350584,0.04729035
704.507513,0.04048181,704.507513,0.04055562,704.507513,0.04246507,704.507513,0.04639246,704.507513,0.05223830
698.664441,0.04547531,698.664441,0.04570224,698.664441,0.04799710,698.664441,0.05272793,698.664441,0.05988312
692.821369,0.05283982,692.821369,0.05326344,692.821369,0.05607676,692.821369,0.06189092,692.821369,0.07078797
686.978297,0.06301407,686.978297,0.06362088,686.978297,0.06703650,686.978297,0.07417011,686.978297,0.08518956
681.135225,0.07612603,681.135225,0.07681266,681.135225,0.08081903,681.135225,0.08939281,681.135225,0.10276122
675.292154,0.09179794,675.292154,0.09235089,675.292154,0.09680306,675.292154,0.10675315,675.292154,0.12244143
669.449082,0.10902051,669.449082,0.10912254,669.449082,0.11372968,669.449082,0.12476520,669.449082,0.14242059
663.606010,0.12617245,663.606010,0.12544465,663.606010,0.12979655,663.606010,0.14140616,663.606010,0.16034916
657.762938,0.14123008,657.762938,0.13930674,657.762938,0.14294122,657.762938,0.15445823,657.762938,0.17375983
651.919866,0.15214793,651.919866,0.14876672,651.919866,0.15126401,651.919866,0.16197971,651.919866,0.18060809
646.076795,0.15731765,646.076795,0.15239761,646.076795,0.15347457,646.076795,0.16277026,646.076795,0.17977056
640.233723,0.15596489,640.233723,0.14964417,640.233723,0.14921804,640.233723,0.15667727,640.233723,0.17133386
634.390651,0.14834936,634.390651,0.14096714,634.390651,0.13916756,634.390651,0.14463571,634.390651,0.15657217
628.547579,0.13569702,628.547579,0.12772330,628.547579,0.12484982,628.547579,0.12842729,628.547579,0.13762126
622.704508,0.11988865,622.704508,0.11182436,622.704508,0.10826593,622.704508,0.11024415,622.704508,0.11696393
616.861436,0.10301360,616.861436,0.09529267,616.861436,0.09143707,616.861436,0.09220410,616.861436,0.09689705
611.018364,0.08693407,611.018364,0.07985512,611.018364,0.07601576,611.018364,0.07596321,611.018364,0.07913512
605.175292,0.07298188,605.175292,0.06668348,605.175292,0.06306058,605.175292,0.06251595,605.175292,0.06463393
599.332220,0.06184485,599.332220,0.05632195,599.332220,0.05300001,599.332220,0.05219471,599.332220,0.05363026
593.489149,0.05362754,593.489149,0.04877421,593.489149,0.04574601,593.489149,0.04481537,593.489149,0.04582743
587.646077,0.04802079,587.646077,0.04368079,587.646077,0.04088316,587.646077,0.03988660,587.646077,0.04063333
581.803005,0.04450199,581.803005,0.04051208,581.803005,0.03785999,581.803005,0.03680811,581.803005,0.03737262
575.959933,0.04250491,575.959933,0.03872307,575.959933,0.03613426,575.959933,0.03501327,575.959933,0.03543100
570.116861,0.04152950,570.116861,0.03784749,570.116861,0.03525557,570.116861,0.03404438,570.116861,0.03432511
564.273790,0.04119062,564.273790,0.03753467,564.273790,0.03489289,564.273790,0.03357238,564.273790,0.03371486
558.430718,0.04122183,558.430718,0.03754687,558.430718,0.03482613,558.430718,0.03338264,558.430718,0.03338250
552.587646,0.04145502,552.587646,0.03773666,552.587646,0.03492120,552.587646,0.03334668,552.587646,0.03319993
546.744574,0.04179238,546.744574,0.03801969,546.744574,0.03510262,546.744574,0.03339337,546.744574,0.03309742
540.901503,0.04218112,540.901503,0.03835108,540.901503,0.03533088,540.901503,0.03348611,540.901503,0.03303972
535.058431,0.04259457,535.058431,0.03870848,535.058431,0.03558663,535.058431,0.03360729,535.058431,0.03301020
529.215359,0.04301998,529.215359,0.03908136,529.215359,0.03586088,529.215359,0.03374894,529.215359,0.03300153
523.372287,0.04345148,523.372287,0.03946488,523.372287,0.03614959,523.372287,0.03390759,523.372287,0.03301068
517.529215,0.04388633,517.529215,0.03985679,517.529215,0.03645094,517.529215,0.03408174,517.529215,0.03303646
511.686144,0.04432310,511.686144,0.04025590,511.686144,0.03676396,511.686144,0.03427069,511.686144,0.03307841
505.843072,0.04476092,505.843072,0.04066146,505.843072,0.03708806,505.843072,0.03447403,505.843072,0.03313632
500.000000,0.04519911,500.000000,0.04107283,500.000000,0.03742274,500.000000,0.03469142,500.000000,0.03321007
